Title,Estimators,Time Period (line85comment,Dt,^VIX/IXF,Min Samples Split,Max Features,^GSPC,Comments,Iterations,^NYICDX,XLK,Start,Step,Ticker,Precision Score,Standard Deviation,Time(m) (p rep),Time (total),Predictions,Mean Change per Prediction,SD Change per Prediction,Mean Weighted Change per Prediction,SD Weighted Change per Prediction,Change Weighted Relative to Benchmark,SD Change Weighted Relative to Benchmark,Comments.1
Decision Tree Testing,200,2003-11-14 - Present,0.6,,50,sqrt,All - og,,1,,,2500,250,^GSPC,0.5714,,2-3,,,,,,,,,
Decision Tree Testing,1000,2003-11-14 - Present,0.6,,50,sqrt,All - og,,1,,,2500,250,^GSPC,0.5672,,10.96,,4265-774,,,,,,,
Decision Tree Testing,200,2003-11-14 - Present,0.6,,50,sqrt,All - og,,1,,,2500,250,^GSPC,0.5714,,1.83,,4213-826,,,,,,,
Decision Tree Testing,500,2003-11-14 - Present,0.6,,50,sqrt,All - og,,1,,,2500,250,^GSPC,0.5684,,4.5,,4279-760,,,,,,,
Decision Tree Testing,200,2003-11-14 - Present,0.55,,50,sqrt,All - og,,1,,,2500,250,^GSPC,0.5618,,1.83,,2862-2177,,,,,,,
Decision Tree Testing,200,2003-11-14 - Present,0.65,,50,sqrt,All - og,,1,,,2500,250,^GSPC,0.5617,,1.83,,4877-162,,,,,,,
Decision Tree Testing,200,2003-11-14 - Present,0.625,,50,sqrt,All - og,,1,,,2500,250,^GSPC,0.5971,,1.83,,4632-407,,,,,,,
Decision Tree Testing,200,2003-11-14 - Present,0.625,HOCL,50,sqrt,All - og,,1,,,2500,250,^GSPC,0.558,,2.99,,4902-138,,,,,,,
Decision Tree Testing,500,2003-11-14 - Present,0.575,HOCL,50,sqrt,All,,1,,,2500,250,^GSPC,0.5676,,7.45,,4515-525,,,,,,,
Decision Tree Testing,500,2003-11-14 - Present,0.575,HOCL,50,sqrt,All - og,,1,,,2500,250,^GSPC,0.5518,,4.99,,3862-1178,,,,,,,
Decision Tree Testing,1000,2003-11-14 - Present,0.625,HOCL,50,sqrt,All - og,,1,,,2500,250,^GSPC,0.5625,,10.01,,4688-352,,,,,,,
Decision Tree Testing,1000,2003-11-14 - Present,0.625,HOCL,50,5,All - og,,1,,,2500,250,^GSPC,0.5847,,16.01,,4662-378,,,,,,,
Decision Tree Testing,1000,2003-11-14 - Present,0.625,HOCL,50,14,All - og,,1,,,2500,250,^GSPC,0.5657,,42.94,,4568-472,,,,,,,
Decision Tree Testing,1000,2003-11-14 - Present,0.625,,50,1,All - og,,1,,,2500,250,^GSPC,0.5707,,3.56,,4856-184,,,,,,,
Decision Tree Testing,1000,2003-11-14 - Present,0.625,HOCL,50,1,All - og,,1,,,2500,250,^GSPC,0.5617,,4.01,,4805-235,,,,,,,
Decision Tree Testing,200,2003-11-14 - Present,0.625,,50,sqrt,All - og,random=2,1,,,2500,250,^GSPC,0.5498,,1.84,,4618-422,,,,,,,
Decision Tree Testing Consistency,200,2003-11-14 - Present,0.625,,50,sqrt,All - og,,5?,,,2500,250,^GSPC,0.5744,0.016737,0.73,3.63,4618-422,,,,,,,
Decision Tree Testing Consistency,200,2003-11-14 - Present,0.575,,50,sqrt,All - og,,5?,,,2500,250,^GSPC,0.5668,0.001238,0.72,3.61,3583-1457,,,,,,,
Decision Tree Testing Consistency,200,2003-11-14 - Present,0.575,HOCL,50,sqrt,All - og,,5?,,,2500,250,^GSPC,0.559,0.000542,0.81,4.03,3876-1164,,,,,,,
Decision Tree Testing Consistency,400,2003-11-14 - Present,0.625,HOCL,50,sqrt,All - og,,5?,,,2500,250,^GSPC,0.565,0.006385,0.81,4.04,4669-371,,,,,,,
Decision Tree Testing Consistency,400?,2003-11-14 - Present,0.625,,50,sqrt,All - og,,5?,,,2500,250,^GSPC,0.5744,0.016737,0.72,3.6,4615-425,,,,,,,
Decision Tree Testing Consistency,400?,2003-11-14 - Present,0.6,,50,sqrt,All - og,,5?,,,2500,250,^GSPC,0.5789,0.0009,0.72,3.6,4169-871,,,,,,,
Decision Tree Testing Consistency,200,2003-11-14 - Present,0.6,,50,sqrt,All,,5?,,,2500,250,^GSPC,0.5545,0.006666,0.9,4.5,4427-613,,,,,,,
Decision Tree Testing Consistency,200,2003-11-14 - Present,0.6,OC,50,sqrt,All - og,,5?,,,2500,250,^GSPC,0.5789,0.0009,0.72,3.59,4169-871,,,,,,,
Decision Tree Testing Consistency,400,2003-11-14 - Present,0.6,OC,50,sqrt,All - og,,5?,,,2500,250,^GSPC,0.5632,0.004918,1.43,7.13,4218-822,,,,,,,
Decision Tree Testing Consistency,400,2003-11-14 - Present,0.6,OC,50,sqrt,All - og,,5?,OC,,2500,250,^GSPC,0.5661,0.000133,1.55,7.74,4268-772,,,,,,,
Decision Tree Testing Consistency,200,2003-11-14 - Present,0.6,OC,50,sqrt,All - og,,5?,OC,,2500,250,^GSPC,0.5655,0.001982,0.78,3.89,4229-811,,,,,,,
Decision Tree Testing Consistency,200,2003-11-14 - Present,0.6,C,50,sqrt,All - og,,5?,C,,2500,250,^GSPC,0.5717,0.002485,0.75,3.73,4216-824,,,,,,,
Decision Tree Testing Consistency,200,2003-11-14 - Present,0.6,OC,50,sqrt,All - og,,5?,C,,2500,250,^GSPC,0.5717,0.002485,0.75,3.73,4216-824,,,,,,,
Decision Tree Testing Consistency,200,2003-11-14 - Present,0.6,C,50,sqrt,All - og,,5?,C,,2500,250,^GSPC,0.5572,0.002142,0.77,3.86,4305-735,,,,,,,
Decision Tree Testing Consistency Open Close,200,2003-11-14 - Present,0.6,OC,50,sqrt,All - og,,5?,C,,2500,250,^GSPC,0.543,0.001637,0.79,3.96,4289-750,,,,,,,
Decision Tree Testing Consistency Open Close,200,2003-11-14 - Present,0.6,OC,50,sqrt,All - og,,5?,,,2500,250,^GSPC,0.5665,0.003119,0.79,3.97,4290-749,,,,,,,
Decision Tree Testing Consistency Open Close,200,2003-11-14 - Present,0.6,OC,50,sqrt,All - og,,2,,,2500,250,^GSPC,0.5689,0.000737,0.15,4.5,4336-704,,,,,,,
Decision Tree Testing Consistency Open Close,200,2003-11-14 - Present,0.6,OC,50,sqrt,All - og,,2,,,2500,250,^GSPC,0.5689,0.000737,0.15,4.5,4336-704,,,,,,,
Decision Tree Testing Consistency Open Close,400,2003-11-14 - Present,0.6,OC,50,sqrt,All - og,,2,,,2500,250,^GSPC,0.5661,0.007963,0.3,9.03,4361-679,,,,,,,
Decision Tree Testing Consistency Open Close,200,2003-11-14 - Present,0.6,,50,sqrt,All - og,,2,,,2500,250,^GSPC,0.5663,0.007678,0.28,8.54,4213-827,,,,,,,
Decision Tree Testing Consistency Open Close,200,2003-11-14 - Present,0.6,OC,50,sqrt,All - og,,2,OC,,2500,250,^GSPC,0.5627,0.003978,0.15,4.58,4200-840,,,,,,,
Decision Tree Testing Consistency Open Close,400,2003-11-14 - Present,0.6,OC,50,sqrt,All - og,,2,OC,,2500,250,^GSPC,0.5588,0.0035,0.31,9.19,4245-795,,,,,,,
Decision Tree Testing Consistency Open Close,200,2003-11-14 - Present,0.6,OC,50?,sqrt,All - og,,2,HOCL,,2500,250,^GSPC,0.5626,6.5e-05,0.23,6.89,4082-958,,,,,,,
Decision Tree Testing Consistency Open Close,200,2003-11-14 - Present,0.6,OC,25,sqrt,All - og,,2,HL,,2500,250,^GSPC,0.5551,0.004,0.18,5.25,4194-846,,,,,,,
Decision Tree Testing Consistency Open Close,200,2003-11-14 - Present,0.6,OC,25,sqrt,All - og,,2,OC,,2500,250,^GSPC,0.5381,0.00122,0.19,5.79,4213-827,,,,,,,
Decision Tree Testing Consistency Open Close,200,2003-11-14 - Present,0.6,OC,100,sqrt,All - og,,2,OC,,2500,250,^GSPC,0.5685,0.000464,0.14,4.09,4357-683,,,,,,,
Decision Tree Testing Consistency Open Close,200,2003-11-14 - Present,0.6,HOCL,100,sqrt,All - og,,2,HOCL,,2500,250,^GSPC,0.5685,0.000464,0.14,4.09,4357-683,,,,,,,
Decision Tree Testing Consistency Open Close,200,2003-11-14 - Present,0.6,HOCL,100,sqrt,All - og,,2,HOCL,,2500,250,^GSPC,0.5676,0.00246,0.19,5.59,4242-798,,,,,,,
Decision Tree Testing Consistency Open Close,200,2003-11-14 - Present,0.6,HOCL,150,sqrt,All - og,,2,HOCL,,2500,250,^GSPC,0.5546,0.00053,0.17,5.16,4291-749,,,,,,,
Decision Tree Testing Consistency Open Close,200,2003-11-14 - Present,0.6,HOCL,75,sqrt,All - og,,2,HOCL,,2500,250,^GSPC,0.558,0.004514,0.2,5.9,4224-816,,,,,,,
Decision Tree Testing Consistency Open Close,200,2003-11-14 - Present,0.6,HOCL,100,sqrt,All - og,,2,HOCL,,2500,250,^GSPC,0.5676,0.00246,0.19,5.65,4191-849,,,,,,,
Decision Tree Testing Consistency Open Close,200,2003-11-14 - Present,0.6,HOCL,100,sqrt,All - og,,2,HOCL,HOCL,2500,250,^GSPC,0.5413,0.004549,0.13,3.89,3540-231,,,,,,,
Decision Tree Testing Consistency Open Close,200,2003-11-14 - Present,0.6,HOCL,100,sqrt,All - og,,2,HOCL,HOCL,2500,250,^GSPC,0.5413,0.004549,0.13,3.87,3564-207,,,,,,,
Decision Tree Testing Consistency Open Close,200,2003-11-14 - Present,0.6,HOCL,125,sqrt,All - og,,2,HOCL,HOCL,2500,250,^GSPC,0.5459,0.016963,0.12,3.7,3572-199,,,,,,,
Decision Tree Testing Consistency Open Close,200,2003-11-14 - Present,0.6,HOCL,150,sqrt,All - og,,2,HOCL,HOCL,2500,250,^GSPC,0.5618,0.014706,0.014706,3.55,3601-170,,,,,,,
Decision Tree Testing Consistency Open Close,200,2010-11-24 - Present,0.6,HOCL,150,sqrt,All - og,,2,HOCL,HOCL,3000,250,^GSPC,0.5669,0.003495,0.11,3.35,3129-142,,,,,,,
Decision Tree Testing Consistency Open Close,200,2010-11-24 - Present,0.575,HOCL,150,sqrt,All - og,,2,HOCL,HOCL,3000,250,^GSPC,0.5349,0.004703,0.11,3.34,2890-381,,,,,,,
Decision Tree Testing Consistency Open Close,200,2003-11-14 - Present,0.6,HOCL,150,sqrt,All - og,,2,HOCL,HOCL,2500,100,^GSPC,0.5244,0.001688,0.28,8.34,3396-375,,,,,,,
Decision Tree Testing Consistency Open Close,200,2003-11-14 - Present,0.6,HOCL,150,sqrt,All - og,,2,HOCL,HOCL,2500,400,^GSPC,0.5419,0.014119,0.07,2.19,3555-216,,,,,,,
Decision Tree Testing Consistency Open Close,300,2003-11-14 - Present,0.6,HOCL,150,sqrt,All - og,,2,HOCL,HOCL,2500,250,^GSPC,0.5764,0.000487,0.18,5.29,3613-158,,,,,,,
Decision Tree Testing Consistency Open Close,400,2003-11-14 - Present,0.6,HOCL,150,sqrt,All - og,,2,HOCL,HOCL,2500,250,^GSPC,0.5797,0.002089,0.24,7.06,3606-165,,,,,,,
Decision Tree Testing Consistency Open Close,400,2003-11-14 - Present,0.6,HOCL,150,sqrt,All - og,,2,HOCL,HOCL,2500,250,^GSPC,0.5825,0.007531,0.23,7.05,3610-161,,,,,,,
Decision Tree Testing Consistency Open Close,400,2003-11-14 - Present,0.6,HOCL,150,sqrt,All - og,,2,HOCL,HOCL,2500,250,AMZN,0.4946,0.008891,,4.57,3518-255,,,,,,,
Decision Tree Testing Consistency Open Close,400,2003-11-14 - Present,0.6,HOCL,150,sqrt,All - og,,2,HOCL,HOCL,2500,250,AMZN,0.4486,0.00235,,6.77,,,,,,,,
Decision Tree Testing Consistency Open Close,400,2003-11-14 - Present,0.6,HOCL,150,sqrt,All - og,,2,HOCL,HOCL,2500,250,ODC,0.4486,0.00235,0.23,6.77,3518-255,,,,,,,
Decision Tree Testing Consistency Open Close,200,2003-11-14 - Present,0.6,HOCL,150,sqrt,All - og,,2,,,2500,250,ODC,0.4959,0.4959,0.07,1.99,3656-119,,,,,,,
Decision Tree Testing Consistency Open Close,200,2003-11-14 - Present,0.6,HOCL?,150,sqrt,All - og,,2,,,2500,250,ODC,0.5028,0.010483,0.07,2.0,3662-113,,,,,,,
Decision Tree Testing Consistency Open Close,200,2003-11-14 - Present,0.6,HOCL?,150,sqrt,All - og,,2,,,2500,250,ODC,0.5195,0.002587,0.07,1.99,3657-118,,,,,,,
Decision Tree Testing Consistency Open Close,200,2003-11-14 - Present,0.6,HOCL,150,sqrt,All - og,,2,,,2500,250,F,0.5797,,,,?-3,,,,,,,
Decision Tree Testing Consistency Open Close,200,2003-11-14 - Present,0.6,HOCL,150,sqrt,All - og,,2,,,2500,250,DFSVX,0.002089,,,,0,,,,,,,
Decision Tree Testing Consistency Open Close,400,2003-11-14 - Present,0.6,HOCL,150,sqrt,All - og,,2,HOCL,HOCL,2500,250,^GSPC,0.5797,0.002089,,,,,,,,,,
Decision Tree Testing Consistency Open Close,,1950,0.6,HOCL,150,sqrt,All - og,,2,HOCL,HOCL,2500,250,^GSPC,0.5825,0.007531,,,3615-161,,,,,,,
Decision Tree Testing Consistency Open Close,800,2003-11-14 - Present,0.6,HOCL,150,sqrt,All - og,,2,HOCL,HOCL,2500,250,^GSPC,0.5749,0.010806,,,3620-156,,,,,,,
Decision Tree Testing Consistency Open Close,200,2003-11-14 - Present,0.6,HOCL,150,sqrt,All - og,?,2,HOCL,HOCL,2500,250,^GSPC,0.5618,0.14706,,,3606-170,,,,,,,
Decision Tree Testing Consistency Open Close 2,400,2003-11-14 - Present,0.6,HOCL,150,sqrt,All - og,?,2,HOCL,HOCL,2500,250,^GSPC,0.5797,0.002089,0.21,6.32,3613-165,28.05,,,,,,
Decision Tree Testing Consistency Open Close 2,400,2003-11-14 - Present,0.6,HOCL,150,sqrt,All - og,?,5,HOCL,HOCL,2500,250,^GSPC,0.559,0.0246,3.06,15.29,3591-190,28.31?,52.8426?,0.0114?,0.019112?,,,
Decision Tree Testing Consistency Open Close 2,400,2003-11-14 - Present,0.6,HOCL,150,sqrt,All - og,?,10,HOCL,HOCL,2500,250,^GSPC,0.5554,0.0181,3.05,30.49,0.0438,28.21?,52.1896?,0.0115?,0.019184?,,,
Decision Tree Testing Consistency Open Close 2,400,2003-11-14 - Present,0.6,HOCL,150,sqrt,All - og,?,10,HOCL,HOCL,2500,250,^GSPC,0.5557,0.0181,3.07,30.72,0.0437,-1.06,18.6931,-0.000525,0.005896,,,
Decision Tree Testing Consistency Open Close 2,400,2003-11-14 - Present,0.6,HOCL,150,sqrt,All - og,?,10,HOCL,HOCL,2500,250,^GSPC,0.5559,0.0181,2.84,28.38,0.0431,0.25,19.767,8.10E-05,0.006266,,,
Decision Tree Testing Consistency Open Close 2,800,2003-11-14 - Present,0.6,HOCL,150,sqrt,All - og,?,10,HOCL,HOCL,2500,250,^GSPC,0.5585,0.0178,5.5,55.01,0.0406,0.39,20.6289,1.42E-04,0.006574,,,
Decision Tree Testing Consistency Open Close 2,400,2003-11-14 - Present,0.6,HOCL,150,sqrt,All - og,?,10,,,2500,250,^GSPC,0.5601,0.0114,1.97,19.69,0.0698,0.47,15.6703,0.000161,0.005039,,,
Decision Tree Testing Consistency Open Close 2,800,2003-11-14 - Present,0.6,HOCL,150,sqrt,All - og,?,10,,,2500,250,^GSPC,0.5644,0.0114,3.94,39.38,0.0681,0.24,14.7612,0.000079,0.004632,,,
Decision Tree Testing Consistency Open Close 2,400,2003-11-14 - Present,0.6,,150,sqrt,All - og,?,10,,,2500,250,^GSPC,0.5592,0.0111,1.92,19.17,0.0701,0.36,15.6999,0.000139,0.005035,,,
Decision Tree Testing Consistency Open Close 2,800,2003-11-14 - Present,0.6,,150,sqrt,All - og,?,10,,,2500,250,^GSPC,0.5631,0.0117,4.18,41.79,0.0684,1.20E-01,14.7924,0.000056,0.004628,,,
Decision Tree Testing Consistency Open Close 2,400,2003-11-14 - Present,0.6,,150,sqrt,All - og,,10,,,2500,250,^GSPC,0.55,,,,,,,,,,,
Decision Tree Testing Consistency Open Close 2,400,2003-11-14 - Present,0.6,HOCL,150,sqrt,All - og,,10,,,2500,250,^GSPC,SAME AS #81,,,,,,,,,,,
Decision Tree Testing Consistency Open Close 2,400,2003-11-14 - Present,0.6,OC,150,sqrt,All - og,,10,,,2500,250,^GSPC,0.5515,,,,0.0624,,,,,,,
Decision Tree Testing Consistency Open Close 2,800,2003-11-14 - Present,0.6,OC,150,sqrt,All - og,,10,,,2500,250,^GSPC,0.5515,0.0091,3.75,37.52,0.0621,0.96,16.5326,0.000337,0.005483,,,"This is the last line of the date being the first day of pred data, after it will be recorded as the first day of original model training"
Decision Tree Testing Consistency Open Close 2.ipynb,800,1950-01-01,0.6,OC,150,sqrt,all - og,,1,,,2500,250,GSPC,0.5575,0.0,0.94,0.94,,1.07,19.8951,0.00043,0.006946,,,
Decision Tree Testing Consistency Open Close 2.ipynb,800,1950-01-01,0.6,HOCL?,150,sqrt,all - og,,10,,,2500,250,GSPC,0.562,0.0117,1.03,10.27,,0.11,14.8385,5.20E-05,0.004644,,,
Decision Tree Testing Consistency Open Close 2.ipynb,800,1950-01-01,0.6,HOCL?,150,sqrt,all - og,,1,,,2500,250,^GSPC,0.5703,0.0,1,1.0,,0.25,13.7944,7.60E-05,0.004384,,,
Decision Tree Testing Consistency Open Close 2.ipynb,800,1950-01-01,0.6,HOCL?,150,sqrt,all - og,,1,,,2500,250,F,0,0.0,1.03,1.03,,,,,,,,
Decision Tree Testing Consistency Open Close 2.ipynb,800,1950-01-01,0.6,HOCL?,150,sqrt,all - og,,1,,,2500,250,SPY,0.4762,0.0,0.97,0.97,,0.39,3.0158,0.00133,0.013159,,,
Decision Tree Testing Consistency Open Close 2.ipynb,800,1950-01-01,0.6,HOCL?,150,sqrt,all - og,,1,,,2500,250,^GSPC,0.5703,0.0,1.02,1.02,,0.25,13.7944,7.60E-05,0.004384,,,
Decision Tree Testing Consistency Open Close 2.ipynb,800,1950-01-01,0.6,HOCL,150,sqrt,all - og,,1,,,2500,250,^GSPC,0.5703,0.0,1.01,1.01,,0.25,13.7944,7.60E-05,0.004384,,,
Decision Tree Testing Consistency Open Close 2.ipynb,800,1950-01-01,0.6,HOCL,150,sqrt,all - og,,10,,,2500,250,^GSPC,0.562,0.0117,1.02,10.19,,0.11,14.8385,5.20E-05,0.004644,,,
Decision Tree Testing Consistency Open Close 2.ipynb,800,1950-01-01,0.6,HOCL,150,sqrt,all - og,,10,,,2500,250,^DJI,0.4649,0.0144,1.06,10.62,,-3.75,99.5702,-0.000114,0.003623,,,
Decision Tree Testing Consistency Open Close 2.ipynb,800,1950-01-01,0.6,HOCL,150,sqrt,all - og,,10,,,2500,250,^IXIC,0.5345,0.0094,1.02,10.15,,4.24,73.2722,0.000347,0.009113,,,
Decision Tree Testing Consistency Open Close 2.ipynb,800,1950-01-01,0.6,,150,sqrt,all - og,,10,,OC,2500,250,^IXIC,0.5192,0.0125,0.96,9.58,,22.88,144.9525,0.003213,0.015559,,,
Decision Tree Testing Consistency Open Close 2.ipynb,800,1950-01-01,0.6,,150,sqrt,all - og,,10,,,2500,250,^IXIC,0.5107,0.015,1.01,10.11,,3.98,82.979,0.000491,0.009463,,,
Decision Tree Testing Consistency Open Close 2.ipynb,800,1950-01-01,0.6,,150,sqrt,all - og,,10,,,2500,250,^IXIC,0.5107,0.015,0.89,8.87,,3.98,82.979,0.000491,0.009463,,,
Decision Tree Testing Consistency Open Close 2.ipynb,800,1930-01-01,0.6,,150,sqrt,all - og,,10,,,2500,250,^GSPC,0.5513,0.0126,0.91,9.06,,0.73,16.5131,0.000309,0.005382,,,
Decision Tree Testing Consistency Open Close 2.ipynb,800,1950-01-01,0.6,HOCL,150,sqrt,all - og,,10,,,2500,250,^GSPC,0.562,0.0117,1.02,10.22,,0.11,14.8385,5.20E-05,0.004644,,,
Decision Tree Testing Consistency Open Close 2.ipynb,1600,1950-01-01,0.6,HOCL,150,sqrt,all - og,,10,,,2500,250,^GSPC,0.5642,0.0067,2.05,20.55,,0.35,15.0544,0.000146,0.004773,,,try IXIC with good mean weighted change experiment with it
Decision Tree Testing Consistency Open Close 2.ipynb,1600,1950-01-01,0.6,,150,sqrt,all - og,,10,,OC,2500,250,^IXIC,0.5151,0.0095,1.92,19.22,,25.93,145.2623,0.003297,0.01537,,,
Decision Tree Testing Consistency Open Close 2.ipynb,1600,1950-01-01,0.6,,150,sqrt,all - og,,10,,HOCL,2500,250,^IXIC,0.5231,0.0158,2.06,20.63,0.0225,25.15,145.7466,0.00311,0.014839,,,
Decision Tree Testing Consistency Open Close 2.ipynb,800,1950-01-01,0.6,,150,sqrt,all - og,,10,,HOC,2500,250,^IXIC,0.5198,0.0256,1,10.0,0.0207,26.68,144.018,0.003326,0.014779,,,stresstest ixic? predic frequency?
Decision Tree Testing Consistency Open Close 2.ipynb,800,1950-01-01,0.58,,150,sqrt,all - og,,10,,HOC,2500,250,^IXIC,0.5304,0.0144,0.98,9.81,0.0476,15.18,118.4674,0.001513,0.012537,,,
Decision Tree Testing Consistency Open Close 2.ipynb,800,1950-01-01,0.58,,150,sqrt,all - og,,10,,HOC,2500,250,^IXIC,0.5302,0.0142,0.99,9.94,0.0476,15.16,118.4408,0.001512,0.012534,,,
Decision Tree Testing Consistency Open Close 2.ipynb,800,1950-01-01,0.58,,150,sqrt,all - og,,30,,HOC,2500,250,^IXIC,0.5255,0.0134,1.01,30.21,0.0475,16.3,119.2974,0.001651,0.012566,,,
Decision Tree Testing Consistency Open Close 2.ipynb,800,2000-01-01,0.58,,150,sqrt,all - og,,10,,HOC,2500,250,QQQ,0.5039,0.0069,0.56,5.57,0.1612,0.12,2.5087,0.000167,0.011309,,,
Decision Tree Testing Consistency Open Close 2.ipynb,800,1980-01-01,0.58,,150,sqrt,all - og,,10,,OC,2500,250,^NDX,0.5283,0.0163,0.99,9.85,0.0516,4.77,111.8708,0.00051,0.012049,,,
Decision Tree Testing Consistency Open Close 2.ipynb,800,1950-01-01,0.58,,150,sqrt,all - og,,10,/OC,OC,2500,250,^IXIC,0.5049,0.0076,1.03,10.3,0.0923,8.06,110.8921,0.000862,0.010711,,,
Decision Tree Testing Consistency Open Close 2.ipynb,400,1950-01-01,0.58,,150,sqrt,all - og,,10,,OC,2500,250,^IXIC,0.5252,0.0144,0.48,4.81,0.0829,7.6,112.5937,0.000894,0.011168,,,
Decision Tree Testing Consistency Open Close 2.ipynb,1600,1950-01-01,0.58,,150,sqrt,all - og,,10,,HOC,2500,250,^IXIC,0.5037,0.0049,1.99,19.92,0.0906,8.57,113.3361,0.000938,0.010917,,,
Decision Tree Testing Consistency Open Close 2.ipynb,800,1950-01-01,0.58,,150,sqrt,all - og,,10,,HOC,2500,250,^IXIC,0.5057,0.0059,0.99,9.9,0.0909,8.36,112.7375,0.000891,0.010899,,,
Decision Tree Testing Consistency Open Close 2.ipynb,800,1950-01-01,0.58,,150,sqrt,all - og,,10,,HOC,2500,250,^IXIC,0.5222,0.0182,0.99,9.93,0.0472,14.59,120.0015,0.001463,0.012732,,,
Decision Tree Testing Consistency Open Close 2.ipynb,800,1950-01-01,0.58,,150,sqrt,all - og,,10,,HOC,2500,250,^IXIC,0.522,0.0189,1,10.01,0.0472,14.71,120.0624,0.001473,0.012737,,,
Decision Tree Testing Consistency Open Close 2.ipynb,1600,1950-01-01,0.58,,150,sqrt,all - og,,10,,HOC,2500,250,^IXIC,0.5127,0.009,1.99,19.86,0.0472,15.09,120.7831,0.001451,0.012793,,,why did the mean weighted change change from earlier iterations same settings: different # of estimators
Decision Tree Testing Consistency Open Close 2.ipynb,800,1950-01-01,0.58,C,150,sqrt,all - og,,10,,OC,2500,250,^IXIC,0.5066,0.0117,0.97,9.71,0.0388,16.94,124.789,0.001627,0.01354,,,
Decision Tree Testing Consistency Open Close 2.ipynb,800,1950-01-01,0.6,C,150,sqrt,all - og,,10,,OC,2500,250,^IXIC,0.5229,0.0252,0.98,9.78,0.0156,22.03,151.9895,0.002722,0.016802,,,
Decision Tree Testing Consistency Open Close 2.ipynb,800,1950-01-01,0.6,,150,sqrt,all - og,,10,,OC,2500,250,^IXIC,0.5192,0.0125,0.94,9.44,0.0187,22.88,144.9525,0.003213,0.015559,,,
Decision Tree Testing Consistency Open Close 2.ipynb,1600,1950-01-01,0.6,C,150,sqrt,all - og,,10,,OC,2500,250,^IXIC,0.5224,0.0212,1.97,19.71,0.0154,20,152.7771,0.002562,0.016683,,,
Decision Tree Testing Consistency Open Close 2.ipynb,800,1950-01-01,0.58,,150,sqrt,all - og,,10,,OC,2500,250,^IXIC,0.5392,0.0137,0.96,9.63,0.0452,17.18,116.9982,0.001673,0.012603,,,
Decision Tree Testing Consistency Open Close 2.ipynb,800,1950-01-01,0.58,OC,150,sqrt,all - og,,10,,OC,2500,250,^IXIC,0.5183,0.0114,1,10.02,0.0356,19.5,124.1668,0.001868,0.013648,,,
Decision Tree Testing Consistency Open Close 2.ipynb,800,1950-01-01,0.575,OC,150,sqrt,all - og,,10,,OC,2500,250,^IXIC,0.5131,0.0101,1.01,10.09,0.0438,15.08,118.6107,0.001377,0.012826,,,
Decision Tree Testing Consistency Open Close 2.ipynb,800,1950-01-01,0.58,,150,sqrt,all - og,,10,,OC,2500,400,^IXIC,0.527,0.0071,0.6,5.97,0.1214,4.19,87.7764,0.000503,0.009498,,,
Decision Tree Testing Consistency Open Close 2.ipynb,1600,1950-01-01,0.58,,150,sqrt,all - og,,10,,OC,2500,400,^IXIC,0.5229,0.0074,1.18,11.75,0.123,4.59,88.3933,0.000525,0.009553,,,
Decision Tree Testing Consistency Open Close 2.ipynb,800,1950-01-01,0.58,,150,sqrt,all - og,,10,,OC,2500,100,^IXIC,0.5572,0.0048,2.47,24.71,0.101,0.15,93.0644,8.30E-05,0.0099,,,
Decision Tree Testing Consistency Open Close 2.ipynb,800,1950-01-01,0.58,,150,sqrt,all - og,,10,,OC,2500,250,^IXIC,0.5384,0.0131,0.97,9.66,0.0451,17.22,117.0864,0.001677,0.012612,,,
Decision Tree Testing Consistency Open Close 2.ipynb,800,1950-01-01,0.58,,150,sqrt,all - og,,10,,OC,2500,300,^IXIC,0.5119,0.0091,0.84,8.45,0.0927,5.02,107.85,0.000468,0.010781,,,
Decision Tree Testing Consistency Open Close 2.ipynb,800,1950-01-01,0.58,,150,sqrt,all - og,,10,,OC,2500,200,^IXIC,0.5491,0.0103,1.21,12.07,0.0659,2.69,94.8772,0.000473,0.010718,,,
Decision Tree Testing Consistency Open Close 2.ipynb,800,1950-01-01,0.58,,100,sqrt,all - og,,10,,OC,2500,250,^IXIC,0.5303,0.0143,1.03,10.3,0.0539,12.37,114.2749,0.001132,0.012252,,,
Decision Tree Testing Consistency Open Close 2.ipynb,800,1950-01-01,0.58,,200,sqrt,all - og,,10,,OC,2500,250,^IXIC,0.5401,0.0172,0.89,8.91,0.04,19.39,120.1188,0.001939,0.012888,,,good ass results
Decision Tree Testing Consistency Open Close 2.ipynb,800,1950-01-01,0.58,,250,sqrt,all - og,,10,,OC,2500,250,^IXIC,0.5314,0.0123,0.86,8.63,0.0354,20.72,126.7292,0.002169,0.013363,,,
Decision Tree Testing Consistency Open Close 2.ipynb,800,1950-01-01,0.58,,220,sqrt,all - og,,10,,OC,2500,250,^IXIC,0.5358,0.014,0.89,8.9,0.0372,20.59,122.8173,0.002069,0.0131,,,
Decision Tree Testing Consistency Open Close 2.ipynb,800,1950-01-01,0.58,,220,sqrt,all - og,,10,,OC,2500,250,^IXIC,0.5361,0.0137,0.9,8.97,0.0371,20.6,122.8574,0.00207,0.013104,,,
Decision Tree Testing Consistency Open Close 2.ipynb,800,1950-01-01,0.58,,220,sqrt,all - og,,10,,OC,1500,200,^IXIC,0.5376,0.0129,1.22,12.25,0.0519,4.56,90.8585,0.000622,0.013041,,,
Decision Tree Testing Consistency Open Close 2.ipynb,800,1950-01-01,0.58,,220,sqrt,all - og,,10,,OC,3000,200,^IXIC,0.5484,0.0074,1.08,10.85,0.1029,4.25,102.5754,0.000408,0.009981,,,
Decision Tree Testing Consistency Open Close 2.ipynb,800,1950-01-01,0.58,,220,sqrt,all - og,,10,,OC,3000,250,^IXIC,0.541,0.0102,0.84,8.39,0.0375,23.26,130.2737,0.002281,0.013548,,,
Decision Tree Testing Consistency Open Close 2.ipynb,800,1950-01-01,0.58,,220,sqrt,all - og,,10,,OC,3000,250,^IXIC,0.5413,0.0096,0.84,8.4,0.0375,23.28,130.3213,0.002282,0.013553,,,
Decision Tree Testing Consistency Open Close 2.ipynb,1600,1950-01-01,0.58,,220,sqrt,all - og,,10,,OC,3000,250,^IXIC,0.5338,0.0174,1.67,16.69,0.0381,23.55,130.2808,0.002352,0.013479,,,
Decision Tree Testing Consistency Open Close 2.ipynb,800,1950-01-01,0.6,,220,sqrt,all - og,,10,,OC,3000,250,^IXIC,0.5282,0.0283,0.84,8.44,0.0138,21.66,161.35,0.003406,0.017304,,,
Decision Tree Testing Consistency Open Close 2.ipynb,1600,1950-01-01,0.6,,220,sqrt,all - og,,10,,OC,3000,250,^IXIC,0.5254,0.0298,1.67,16.71,0.0141,28.18,161.16,0.003878,0.017398,,,
Decision Tree Testing Consistency Open Close 2.ipynb,3200,1950-01-01,0.6,,220,sqrt,all - og,,10,,OC,3000,250,^IXIC,0.542,0.0146,3.33,33.3,0.013,25.77,162.1722,0.00381,0.01762,,,
Decision Tree Testing Consistency Open Close 2.ipynb,1600,1950-01-01,0.6,,220,4,all - og,,10,,OC,3000,250,^IXIC,0.5273,0.0283,2.1,21.05,0.0157,29.61,158.8902,0.003765,0.017102,,,GOOD ASS RESULTS
Decision Tree Testing Consistency Open Close 2.ipynb,1600,1950-01-01,0.58,,220,4,all - og,,10,,OC,3000,250,^IXIC,0.5544,0.0135,2.13,21.29,0.0397,23.92,127.2358,0.002374,0.013202,,,
Decision Tree Testing Consistency Open Close 2.ipynb,1600,1950-01-01,0.58,,220,5,all - og,,10,,OC,3000,250,^IXIC,0.5529,0.0107,2.58,25.8,0.042,24.39,124.8244,0.00237,0.012908,,,GOOD ASS RESULTS
Decision Tree Testing Consistency Open Close 2.ipynb,1600,1950-01-01,0.58,,220,6,all - og,,10,,OC,3000,250,^IXIC,0.5514,0.0107,3.04,30.42,0.0426,20.46,127.7295,0.001969,0.013318,,,
Decision Tree Testing Consistency Open Close 2.ipynb,1600,1950-01-01,0.6,,220,5,all - og,,10,,OC,3000,250,^IXIC,0.5393,0.022,2.59,25.9,0.0172,29.93,155.5199,0.003684,0.016741,,,
Decision Tree Testing Consistency Open Close 2.ipynb,3200,1950-01-01,0.58,,220,5,all - og,,10,,OC,3000,250,^IXIC,0.5541,0.0082,5.18,51.77,0.0414,22.74,125.3323,0.002188,0.013001,,,
Decision Tree Testing Consistency Open Close 2.ipynb,3200,1950-01-01,0.6,,220,5,all - og,,10,,OC,3000,250,^IXIC,0.5435,0.0157,5.16,51.55,0.0165,30.7,157.0274,0.003776,0.016905,,,
Decision Tree Testing Consistency Open Close 2.ipynb,800,1950-01-01,0.6,,220,5,all - og,Before the next everything might be close to open not open to close,10,,OC,3000,250,^IXIC,0.5335,0.0151,1.29,12.93,0.0188,30.96,154.6422,0.003625,0.016455,,,
Decision Tree Testing Consistency Open Close 2.ipynb,800,1950-01-01,0.6,,220,5,all - og,,10,,OC,3000,250,^IXIC,0.5335,0.0151,1.3,12.98,0.0188,-22.58,195.568,-0.001442,0.019098,,,
Decision Tree Testing Consistency Open Close 2.ipynb,800,1950-01-01,0.6,,220,5,all - og,,10,,OC,3000,250,^IXIC,0.5335,0.0151,1.3,12.95,0.0188,30.96,154.6422,0.003625,0.016455,,,
Decision Tree Testing Consistency Open Close 2.ipynb,800,1950-01-01,0.6,,220,5,all - og,,10,,OC,3000,250,^IXIC,0.5335,0.0151,1.29,12.93,0.0188,-30.96,154.6422,-0.003625,0.016455,,,
Decision Tree Testing Consistency Open Close 3.ipynb,800,1950-01-01,0.6,,220,5,all - og,,10,,OC,3000,250,^IXIC,0.5335,0.0151,1.3,12.98,0.0188,30.96,154.6422,0.003625,0.016455,,,weird data from here to recent shrtcomment
Decision Tree Testing Consistency Open Close 3.ipynb,800,1950-01-01,0.6,,220,5,all - og,,10,,OC,3000,250,^IXIC,0.5335,0.0151,1.3,13.0,0.0188,22.58,195.568,0.001442,0.019098,,,
Decision Tree Testing Consistency Open Close 2.ipynb,800,1950-01-01,0.6,,220,5,all - og,,10,,OC,3000,250,^IXIC,0.5335,0.0151,1.29,12.94,0.0188,30.96,154.6422,0.003625,0.016455,,,"GOOD ASS OLD RESULTS, the next row is Close to Close for IXIC"
Decision Tree Testing Consistency Open Close 3.ipynb,800,1950-01-01,0.6,,220,5,all - og,,10,,OC,3000,250,^IXIC,0.5545,0.0354,1.4,13.98,0.0188,1,0,0.000178,8.00E-05,,,
Decision Tree Testing Consistency Open Close 3.ipynb,800,1950-01-01,0.6,,220,5,all - og,,10,,OC,3000,250,^IXIC,0.5545,0.0354,1.4,13.98,0.0188,13.29,107.2489,0.001896,0.010114,,,Close to Close
Decision Tree Testing Consistency Open Close 3.ipynb,800,1950-01-01,0.6,,220,5,all - og,,10,,OC,3000,250,^IXIC,0.5545,0.0354,1.4,14.01,0.0188,13.29,107.2489,0.001896,0.010114,,,
Decision Tree Testing Consistency Open Close 3.ipynb,800,1950-01-01,0.6,,220,5,all - og,,10,,OC,3000,250,^IXIC,0.5545,0.0354,1.4,13.98,0.0188,13.29,107.2489,0.001896,0.010114,,,
Decision Tree Testing Consistency Open Close 3.ipynb,800,1950-01-01,0.6,,220,5,all - og,,10,,OC,3000,250,^IXIC,0.5545,0.0354,1.4,13.98,0.0188,13.29,107.2489,0.001896,0.010114,,,
Decision Tree Testing Consistency Open Close 3.ipynb,1600,1950-01-01,0.58,,220,5,all - og,,10,,OC,3000,250,^IXIC,0.5248,0.0115,2.79,27.91,0.0612,4.95,113.8692,0.000769,0.010994,0.000327,0.003879,
Decision Tree Testing Consistency Open Close 3.ipynb,1600,1950-01-01,0.58,,150,5,all - og,,10,,OC,2500,250,^IXIC,0.5151,0.0092,3.17,31.7,0.0641,0.43,114.4349,0.000564,0.011321,0.000201,0.003918,
Decision Tree Testing Consistency Open Close 3.ipynb,1600,1950-01-01,0.58,,150,sqrt,all - og,,10,,OC,3000,220,^IXIC,0.5527,0.0066,2.21,22.1,0.1064,10.55,148.7721,0.001017,0.013011,3.10E-05,0.005678,
Decision Tree Testing Consistency Open Close 3.ipynb,1600,1950-01-01,0.58,,150,5,all - og,,10,,OC,3000,220,IBM,0.5205,0.0083,3.05,30.47,0.0858,0.12,1.7463,0.00061,0.01403,0.000286?,0.016306?,
Decision Tree Testing Consistency Open Close 3.ipynb,1600,1950-01-01,0.58,,150,5,all - og,,10,,OC,3000,220,IBM,0.5204,0.006,3.02,30.18,0.085,0.09,1.3102,0.000494,0.010334,8.10E-05,0.012979,
Decision Tree Testing Consistency Open Close 3.ipynb,1600,1950-01-01,0.58,,150,5,all - og,,10,,OC,3000,220,QQQ,0.5164,0.0092,1.89,18.93,0.118,0.21,3.5034,0.001103,0.014037,0.000661,0.018346,
Decision Tree Testing Consistency Open Close 3.ipynb,1600,1950-01-01,0.6,,150,5,all - og,,10,,OC,3000,220,QQQ,0.4378,0.0202,1.89,18.93,0.0535,0.3,3.7924,0.001507,0.014993,0.001808,0.018962,
Decision Tree Testing Consistency Open Close 3.ipynb,1600,1950-01-01,0.6,,150,5,all - og,,10,,OC,3000,220,PSQ,0.4299,0.0066,0.4,4.0,0.1618,-0.04,0.3434,-0.000782,0.007188,-0.00138,0.008278,
Decision Tree Testing Consistency Open Close 3.ipynb,1600,1950-01-01,0.6,,150,5,all - og,,10,,OC,3000,220,IYW,0.5397,0.0051,1.68,16.76,0.2089,0.06,1.0285,0.00107,0.014056,0.00061,0.018288,
Decision Tree Testing Consistency Open Close 3.ipynb,1600,1950-01-01,0.625,,150,5,all - og,,10,,OC,3000,220,IYW,0.5279,0.0128,1.67,16.72,0.0921,0.11,1.1273,0.001723,0.015077,0.000976,0.019362,
Decision Tree Testing Consistency Open Close 3.ipynb,1600,1950-01-01,0.625,,150,5,all - og,,10,,OC,3000,220,IYW,0.528,0.0117,1.68,16.76,0.0918,0.11,1.1278,0.001692,0.015077,0.00095,0.019376,
Decision Tree Testing Consistency Open Close 3.ipynb,1600,1950-01-01,0.58,,150,5,all - og,,10,,OC,3000,220,QQQ,0.5151,0.0063,1.9,19.03,0.1173,0.21,3.5026,0.001095,0.014055,0.000656,0.018365,
Decision Tree Testing Consistency Open Close 3.ipynb,1600,1950-01-01,0.625,,150,5,all - og,,10,,OC,3000,220,IYW,0.5276,0.0106,1.68,16.82,0.0917,0.11,1.1265,0.001687,0.01509,0.000919,0.019346,
Decision Tree Testing Consistency Open Close 3.ipynb,1600,1950-01-01,0.6,,150,5,all - og,,10,,OC,3000,220,QQQ,0.4464,0.0123,1.89,18.86,0.0638,0.25,3.6963,0.001117,0.015355,0.001435,0.019581,
Decision Tree Testing Consistency Open Close 3.ipynb,1600,1950-01-01,0.625,,150,5,all - og,,10,,OC,3000,220,IYW,0.526,0.0107,1.69,16.86,0.0915,0.11,1.1246,0.001715,0.015064,0.000992,0.019362,
Decision Tree Testing Consistency Open Close 3.ipynb,1600,1950-01-01,0.6,,150,5,all - og,,10,,OC,3000,220,QQQ,0.4395,0.0167,1.93,19.3,0.0533,0.25,3.778,0.001341,0.014983,0.001568,0.018907,
Decision Tree Testing Consistency Open Close 3.ipynb,1600,1950-01-01,0.625,,150,5,all - og,,10,,OC,3000,220,ONEQ,0.48,0.0406,0.77,7.75,0.016,-0.11,0.5722,-0.002165,0.012718,-0.004376,0.017947,
Decision Tree Testing Consistency Open Close 3.ipynb,1600,1950-01-01,0.625,,150,5,all - og,,1,,OC,3000,220,IYW,0.5253,0.0,1.64,1.64,0.0938,0.1,1.1288,0.001524,0.015013,0.000846,0.019064,
Decision Tree Testing Consistency Open Close 3.ipynb,1600,1950-01-01,0.6,,150,5,all - og,,1,,OC,3000,220,QQQ,0.4435,0.0,1.89,1.89,0.0476,0.29,3.6681,0.001688,0.014844,0.00186,0.018601,
Decision Tree Testing Consistency Open Close 3.ipynb,1600,1950-01-01,0.625,,150,5,all - og,,2,,OC,3000,220,IYW,0.5288,0.0035,1.66,3.31,0.0945,0.11,1.1141,0.001589,0.015006,0.001001,0.019264,
Decision Tree Testing Consistency Open Close 3.ipynb,1600,1950-01-01,0.6,,150,5,all - og,,2,,OC,3000,220,QQQ,0.4322,0.0037,1.94,3.87,0.0503,0.08,3.5935,8.50E-05,0.014859,0.000335,0.012878,
Decision Tree Testing Consistency Open Close 3.ipynb,1600,1950-01-01,0.6,,150,5,all - og,,2,,OC,3000,220,QQQ,0.4578,0.0265,1.93,3.86,0.0646,0.14,3.868,0.000665,0.015982,0.000758,0.020334,
Decision Tree Testing Consistency Open Close 3.ipynb,1600,1950-01-01,0.625,,150,5,all - og,,10,,OC,3000,220,VGT,0.5447,0.0139,0.97,9.74,0.0621,1.22,6.0953,0.003681,0.018034,0.002482,0.02451,
Decision Tree Testing Consistency Open Close 3.ipynb,1600,1950-01-01,0.625,,150,5,all - og,,2,,OC,3000,220,IYW,0.5268,0.0011,1.68,3.36,0.0926,0.12,1.1216,0.001798,0.015066,0.001111,0.019359,
Decision Tree Testing Consistency Open Close 3.ipynb,1600,1950-01-01,0.6,,150,5,all - og,,2,,OC,3000,220,QQQ,0.4329,0.0067,1.91,3.82,0.0493,0.26,3.7042,0.001377,0.015049,0.001661,0.019283,
Decision Tree Testing Consistency Open Close 3.ipynb,1600,1950-01-01,0.625,,150,5,all - og,,2,,OC,3000,220,VGT,0.5591,0.0103,0.97,1.95,0.065,1.31,5.9934,0.003945,0.017697,0.002285,0.023882,
Decision Tree Testing Consistency Open Close 3.ipynb,1600,1950-01-01,0.625,,150,5,all - og,,10,,OC,3000,220,SOXX,0.5248,0.0112,1.52,15.23,0.0396,-0.07,2.0423,-0.000502,0.018242,-0.001636,0.023048,
Decision Tree Testing Consistency Open Close 3.ipynb,1600,1950-01-01,0.6,,150,5,all - og,,10,,OC,3000,220,DIA,0.5628,0.006,2.79,27.88,0.0608,0.14,3.2555,0.00035,0.013399,-0.00121,0.020868,
Decision Tree Testing Consistency Open Close 3.ipynb,1600,1950-01-01,0.6,,150,5,all - og,,10,,OC,3000,220,XLY,0.5548,0.0119,2.1,20.96,0.0845,0.04,2.6115,0.000331,0.017553,0.000134,0.022356,
Decision Tree Testing Consistency Open Close 3.ipynb,1600,1950-01-01,0.6,,150,5,all - og,,10,,OC,3000,220,XLP,0.5457,0.0061,2.05,20.5,0.2689,0.02,0.4566,0.000283,0.008034,-0.00019,0.012878,
Decision Tree Testing Consistency Open Close 3.ipynb,1600,1950-01-01,0.6,,150,5,all - og,,10,,OC,3000,220,XLB,0.5292,0.0379,2.23,22.26,0.0279,0,0.7649,-9.80E-05,0.009599,-0.00047,0.009725,
Decision Tree Testing Consistency Open Close 3.ipynb,1600,1950-01-01,0.6,,150,5,all - og,,10,,OC,3000,220,DIA,0.8562,0.0009,1.56,15.56,0.3774,,,,,,,
Decision Tree Testing Consistency Open Close 3.ipynb,1600,1950-01-01,0.6,,150,5,all - og,,10,,OC,3000,220,DIA,0.8561,0.0008,1.56,15.64,0.3776,,,,,,,
Decision Tree Testing Consistency Open Close 3.ipynb,1600,1950-01-01,0.6,,150,5,all - og,,10,,,3000,220,XLF,0.5488,0.0108,1.95,19.49,0.0696,0,0.3054,-8.40E-05,0.013112,-0.000161,0.016708,
Decision Tree Testing Consistency Open Close 3.ipynb,1600,1950-01-01,0.6,,150,5,all - og,,10,OC,,3000,220,XLF,0.5337,0.0138,1.99,19.93,0.0638,0,0.2856,-4.40E-05,0.01292,-0.000546,0.015823,
Decision Tree Testing Consistency Open Close 3.ipynb,1600,1950-01-01,0.6,/OC,150,5,all - og,,10,,,3000,220,XLF,0.4501,0.0406,1.14,11.36,0.0129,-0.04,0.2429,-0.001064,0.009033,-0.000674,0.014537,
Decision Tree Testing Consistency Open Close 3 past tech.ipynb,1600,1950-01-01,0.6,/OC,150,5,all - og,,10,,,3000,220,QQQ,0.4546,0.0186,1.24,12.38,0.0603,0.11,5.3056,0.000402,0.016208,0.001454,0.018606,
Decision Tree Testing Consistency Open Close 3.ipynb,1600,1950-01-01,0.625,,150,5,all - og,,2,,OC,3000,220,IYW,0.5255,0.0027,1.65,3.29,0.0928,0.11,1.1194,0.001656,0.015078,0.001056,0.019366,
Decision Tree Testing Consistency Open Close 3.ipynb,1600,1950-01-01,0.6,,150,5,all - og,,2,,OC,3000,220,QQQ,0.4164,0.011,1.91,3.81,0.0486,0.38,3.6248,0.001891,0.014448,0.002588,0.018368,
Decision Tree Testing Consistency Open Close 3.ipynb,1600,1950-01-01,0.625,,150,5,all - og,,2,,OC,3000,220,VGT,0.5625,0.0069,0.97,1.94,0.0645,1.29,6.0083,0.003908,0.017745,0.002211,0.023938,
Decision Tree Testing Consistency Open Close 3 past tech.ipynb,1600,1950-01-01,0.6,/OC,150,5,all - og,,2,,,3000,220,QQQ,0.4766,0.0134,1.26,2.52,0.0587,0.3,5.2672,0.000984,0.016202,0.001944,0.018468,
Decision Tree Testing Consistency Open Close 3 past tech.ipynb,1600,1950-01-01,0.6,/OC,150,5,all - og,,2,,,3000,220,QQQ,0.4481,0.0048,1.22,2.44,0.0611,0.11,5.2712,0.000386,0.016088,0.001452,0.01855,
Decision Tree Testing Consistency Open Close 3.ipynb,1600,1950-01-01,0.625,,150,5,all - og,,10,,OC,3000,220,IYW,0.5285,0.0114,1.83,18.34,0.0917,0.11,1.1268,0.001689,0.015084,0.000921,0.019382,
Decision Tree Testing Consistency Open Close 3.ipynb,1600,1950-01-01,0.6,,150,5,all - og,,10,,OC,3000,220,QQQ,0.4597,0.0154,1.88,18.85,0.0635,0.19,3.7761,0.000883,0.015335,0.001063,0.019526,
Decision Tree Testing Consistency Open Close 3.ipynb,1600,1950-01-01,0.625,,150,5,all - og,,10,,OC,3000,220,VGT,0.5459,0.0136,0.96,9.63,0.0622,1.23,6.0909,0.003703,0.018021,0.002422,0.024512,
Decision Tree Testing Consistency Open Close 3 past tech.ipynb,1600,1950-01-01,0.6,/OC,150,5,all - og,,10,,,3000,220,QQQ,0.4721,0.0193,1.25,12.54,0.0655,0.09,5.3242,0.000297,0.016213,0.000921,0.018294,
Decision Tree Testing Consistency Open Close 3 past tech.ipynb,1600,1950-01-01,0.6,/OC,150,5,all - og,,10,,,3000,220,VFH,0.4652,0.1056,0.26,2.62,0.0109,-0.02,0.5194,-0.000245,0.006335,0.001255,0.017031,
Decision Tree Testing Consistency Open Close 3 past tech.ipynb,1600,1950-01-01,0.58,/OC,150,5,all - og,,10,,,3000,220,VFH,0.5016,0.0356,0.25,2.51,0.0495,-0.12,0.5537,-0.001519,0.00683,-0.000904,0.011091,
Decision Tree Testing Consistency Open Close 3 past tech.ipynb,1600,1950-01-01,0.58,/OC,150,5,all - og,,10,,,3000,220,XLF,0.5228,0.0237,1.14,11.43,0.0338,-0.04,0.2812,-0.001088,0.0099,-0.001721,0.01437,
Decision Tree Testing Consistency Open Close 3 past tech.ipynb,1600,1950-01-01,0.58,/OC,150,5,all - og,,10,,,3000,220,IXG,0.4813,0.0072,0.76,7.65,0.2207,0.03,0.4689,0.000505,0.007118,0.0006,0.010548,
Decision Tree Testing Consistency Open Close 3 past tech.ipynb,1600,1950-01-01,0.625,/OC,150,5,all - og,,10,,,3000,220,IXG,0.5194,0.0084,0.78,7.83,0.1157,0.02,0.4369,0.000328,0.006835,-3.40E-05,0.010196,
Decision Tree Testing Consistency Open Close 3 past tech.ipynb,1600,1950-01-01,0.6,/OC,150,5,all - og,,10,,,3000,220,IYG,0.5649,0.0385,1.05,10.5,0.0256,-0.03,0.4876,-0.000621,0.008911,-0.003577,0.016911,
Decision Tree Testing Consistency Open Close 3 past tech.ipynb,1600,1950-01-01,0.6,/OC,150,5,all - og,,10,,,3000,220,EEM,0.5242,0.0359,0.41,4.12,0.0485,0.04,0.2921,0.001102,0.008213,0.00064,0.011233,
Decision Tree Testing Consistency Open Close 3.ipynb,1600,1950-01-01,0.625,,150,5,all - og,,2,,OC,3000,220,IYW,0.532,0.0014,1.68,3.35,0.0925,0.11,1.1231,0.001717,0.015088,0.000966,0.019356,
Decision Tree Testing Consistency Open Close 3.ipynb,1600,1950-01-01,0.6,,150,5,all - og,,2,,OC,3000,220,QQQ,0.4324,0.0062,1.91,3.81,0.0488,0.28,3.7421,0.001389,0.015098,0.00162,0.019182,
Decision Tree Testing Consistency Open Close 3.ipynb,1600,1950-01-01,0.625,,150,5,all - og,,2,,OC,3000,220,VGT,0.5591,0.0103,0.98,1.96,0.0649,1.31,5.9934,0.003945,0.017697,0.002285,0.023882,
Decision Tree Testing Consistency Open Close 3 past tech.ipynb,1600,1950-01-01,0.6,/OC,150,5,all - og,,2,,,3000,220,QQQ,0.467,0.0087,1.26,2.52,0.0599,0.21,5.3089,0.000737,0.016316,0.001701,0.018589,
Decision Tree Testing Consistency Open Close 3 past tech.ipynb,1600,1950-01-01,0.6,/OC,150,5,all - og,,2,,,3000,220,EEM,0.4758,0.0242,0.41,0.83,0.0498,0.01,0.3227,0.000349,0.008954,0.000212,0.012881,
Decision Tree Testing Consistency Open Close 3.ipynb,1600,1950-01-01,0.625,,150,5,all - og,,10,,OC,3000,220,IYW,0.5246,0.0122,1.66,16.58,0.093,0.11,1.1205,0.001677,0.01505,0.000959,0.019412,
Decision Tree Testing Consistency Open Close 3.ipynb,1600,1950-01-01,0.6,,150,5,all - og,,10,,OC,3000,220,QQQ,0.4396,0.0211,1.9,19.04,0.0535,0.26,3.796,0.001384,0.015026,0.001639,0.01909,
Decision Tree Testing Consistency Open Close 3.ipynb,1600,1950-01-01,0.625,,150,5,all - og,,10,,OC,3000,220,VGT,0.5452,0.014,0.96,9.62,0.0623,1.23,6.0872,0.0037,0.01801,0.002466,0.024491,
Decision Tree Testing Consistency Open Close 3 past tech.ipynb,1600,1950-01-01,0.6,/OC,150,5,all - og,,10,,,3000,220,QQQ,0.4559,0.0202,1.25,12.52,0.0601,-0.05,4.9309,0.000115,0.015045,0.001131,0.018067,
Decision Tree Testing Consistency Open Close 3 past tech.ipynb,1600,1950-01-01,0.6,/OC,150,5,all - og,,10,,,3000,220,EEM,0.4905,0.0287,0.41,4.14,0.0476,-0.05,0.3544,-0.00133,0.009905,-0.001054,0.013172,
Decision Tree Testing Consistency Open Close 3 past tech.ipynb,1600,1950-01-01,0.6,/OC,150,5,all - og,,10,,,3000,220,IXG,0.49,0.0045,0.77,7.65,0.1785,0.02,0.4754,0.000431,0.007313,0.000301,0.010315,
Decision Tree Testing Consistency Open Close 3 past tech.ipynb,1600,1950-01-01,0.625,/OC,150,5,all - og,,10,,,3000,220,IXG,0.5399,0.0141,0.78,7.8,0.0989,0.01,0.4563,0.000278,0.007141,-0.000193,0.009874,
Decision Tree Testing Consistency Open Close 3 past tech.ipynb,1600,1950-01-01,0.625,/OC,150,5,all - og,,10,,,3000,220,IWM,0.622,0.0551,1.24,12.39,0.006,0.82,2.5589,0.004717,0.014856,-0.009103,0.03127,
Decision Tree Testing Consistency Open Close 3 past tech.ipynb,1600,1950-01-01,0.6,/OC,150,5,all - og,,10,,,3000,220,IWM,0.3569,0.0233,1.24,12.4,0.0131,0.38,2.1553,0.002346,0.011979,-0.000848,0.025317,
Decision Tree Testing Consistency Open Close 3 past tech.ipynb,1600,1950-01-01,0.58,/OC,150,5,all - og,,10,,,3000,220,IWM,0.3823,0.0324,1.24,12.41,0.0292,0.17,2.2202,0.001087,0.011633,0.001079,0.021845,
Decision Tree Testing Consistency Open Close 3 past tech.ipynb,1600,1950-01-01,0.6,/OC,150,5,all - og,,10,,,3000,220,IWM,0.3554,0.0259,1.24,12.41,0.0129,0.41,2.1501,0.0025,0.011973,-0.000713,0.025525,
Decision Tree Testing Consistency Open Close 3 past tech.ipynb,1600,1950-01-01,0.6,/OC,150,5,all - og,,10,,,3000,220,VTI,0.9161,0.0481,0.74,7.44,0.0103,0.09,1.9727,0.000544,0.010292,-0.015851,0.014556,
Decision Tree Testing Consistency Open Close 3 past tech.ipynb,1600,1950-01-01,0.6,,150,5,all - og,,10,,,3000,220,VTI,0.9416,0.0521,0.74,7.42,0.0102,0.02,1.9695,0.00022,0.010312,-0.016673,0.014204,
"Decision Tree Testing Consistency Open Close 3 past tech, finance.ipynb",1600,1950-01-01,0.6,,150,5,all - og,,10,,,3000,220,XLF,0.5376,0.0158,1.16,11.61,0.0913,-0.02,0.2851,-0.000631,0.009981,-0.001277,0.01569,
Decision Tree Testing Consistency Open Close 4 (BM Target),1600,1950-01-01,0.6,,150,5,all - og,,10,,OC,3000,220,DIA,0.7816,0.0016,1.67,16.74,0.3816,,,,,,,
Decision Tree Testing Consistency Open Close 4 (BM Target),1600,1950-01-01,0.6,,150,5,all - og,,10,,OC,3000,220,QQQ,0.7452,0.0014,1.46,14.56,0.3541,-0.04,2.785,-0.000131,0.010315,-4.10E-05,0.005326,
Decision Tree Testing Consistency Open Close 4 (BM Target),1600,1950-01-01,0.6,,150,5,all - og,,10,,OC,3000,220,QQQ,0.5373,0.0196,1.56,15.57,0.0312,-0.26,1.3151,-0.001329,0.009895,-0.001228,0.013589,
Decision Tree Testing Consistency Open Close 4 (BM Target),1600,1950-01-01,0.625,,150,5,all - og,,10,,OC,3000,220,IYW,0.4562,0.0086,1.43,14.25,0.088,0,1.0412,0.000609,0.0111,0.001339,0.015386,
Decision Tree Testing Consistency Open Close 3.ipynb,1600,1950-01-01,0.625,,150,5,all - og,,2,,OC,3000,220,IYW,0.527,0.0009,1.63,3.25,0.0919,0.12,1.1226,0.0018,0.015077,0.001126,0.019355,
Decision Tree Testing Consistency Open Close 3.ipynb,1600,1950-01-01,0.6,,150,5,all - og,,2,,OC,3000,220,QQQ,0.4242,0.0142,1.9,3.8,0.0475,0.42,3.7094,0.001907,0.01534,0.00224,0.019308,
Decision Tree Testing Consistency Open Close 3.ipynb,1600,1950-01-01,0.625,,150,5,all - og,,2,,OC,3000,220,VGT,0.5563,0.0131,0.97,1.94,0.0643,1.33,6.008,0.003997,0.017739,0.002421,0.023893,
Decision Tree Testing Consistency Open Close 3 past tech.ipynb,1600,1950-01-01,0.6,/OC,150,5,all - og,,2,,,3000,220,QQQ,0.4421,0.0107,1.26,2.52,0.0626,-0.46,5.2233,-0.00134,0.016209,-7.10E-05,0.020058,
Decision Tree Testing Consistency Open Close 3 past tech.ipynb,1600,1950-01-01,0.6,/OC,150,5,all - og,,2,,,3000,220,EEM,0.5278,0.0278,0.41,0.83,0.0466,0,0.2689,-0.000157,0.007577,-0.001043,0.011612,
Decision Tree Testing Consistency Open Close 4 (BM Target),1600,1950-01-01,0.625,,150,5,all - og,,2,,OC,3000,220,IYW,0.457,0.007,1.44,2.88,0.0931,0.01,1.0187,0.000711,0.010973,0.001375,0.015197,
Decision Tree Testing Consistency Open Close 3.ipynb,1600,1950-01-01,0.625,,150,5,all - og,,10,,OC,3000,220,IYW,0.5252,0.0112,1.76,17.57,0.0915,0.11,1.1268,0.001684,0.01509,0.000977,0.019411,
Decision Tree Testing Consistency Open Close 3.ipynb,1600,1950-01-01,0.6,,150,5,all - og,,10,,OC,3000,220,QQQ,0.43,0.0196,2,20.01,0.0525,0.35,3.6783,0.001672,0.014837,0.002076,0.018639,
Decision Tree Testing Consistency Open Close 3.ipynb,1600,1950-01-01,0.625,,150,5,all - og,,10,,OC,3000,220,VGT,0.544,0.0152,1,10.03,0.0619,1.22,6.0911,0.003685,0.018022,0.002497,0.024497,
Decision Tree Testing Consistency Open Close 3 past tech.ipynb,1600,1950-01-01,0.6,/OC,150,5,all - og,,10,,,3000,220,QQQ,0.4555,0.0233,1.31,13.07,0.0602,-0.44,5.2835,-0.001226,0.016448,-0.000234,0.020266,
Decision Tree Testing Consistency Open Close 3 past tech.ipynb,1600,1950-01-01,0.6,/OC,150,5,all - og,,10,,,3000,220,EEM,0.5256,0.0371,0.43,4.32,0.0487,0.01,0.2815,0.000195,0.00789,-0.000337,0.011537,
Decision Tree Testing Consistency Open Close 4 (BM Target),1600,1950-01-01,0.625,,150,5,all - og,,10,,OC,3000,220,IYW,0.4563,0.0091,1.52,15.18,0.0872,0,1.0428,0.000564,0.011121,0.001314,0.015424,
Decision Tree Testing Consistency Open Close 4 (BM Target),1600,1950-01-01,0.625,,150,5,all - og,,10,,OC,3000,220,VGT,0.6851,0.055,0.75,7.48,0.0193,-0.55,4.7867,-0.002079,0.012877,-0.00256,0.012121,
Decision Tree Testing Consistency Open Close 4 (BM Target),1600,1950-01-01,0.6,/OC,150,5,all - og,,10,,,3000,220,EEM,0.5751,0.0091,0.37,3.67,0.1494,0.04,0.2581,0.001139,0.007151,0.000635,0.008744,
Decision Tree Testing Consistency Open Close 4 (BM Target),1600,1950-01-01,0.625,/OC,150,5,all - og,,10,,,3000,220,EEM,0.5527,0.0232,0.37,3.68,0.0986,0.04,0.2556,0.001241,0.007115,0.001133,0.009092,
Decision Tree Testing Consistency Open Close 3.ipynb,1600,1950-01-01,0.625,,150,5,all - og,,2,,OC,3000,220,IYW,0.5255,0.0024,1.67,3.35,0.0926,0.12,1.1213,0.00175,0.015052,0.001057,0.019322,
Decision Tree Testing Consistency Open Close 3.ipynb,1600,1950-01-01,0.6,,150,5,all - og,,2,,OC,3000,220,QQQ,0.4296,0.0264,1.91,3.83,0.0525,0.26,3.7666,0.001274,0.015333,0.001662,0.019664,
Decision Tree Testing Consistency Open Close 3.ipynb,1600,1950-01-01,0.625,,150,5,all - og,,2,,OC,3000,220,VGT,0.5563,0.0131,0.98,1.96,0.0643,1.33,6.008,0.003997,0.017739,0.002421,0.023893,
Decision Tree Testing Consistency Open Close 3 past tech.ipynb,1600,1950-01-01,0.6,/OC,150,5,all - og,,2,,,3000,220,QQQ,0.4713,0.0139,1.28,2.55,0.0587,-0.48,5.3564,-0.001347,0.016747,-0.000458,0.020316,
Decision Tree Testing Consistency Open Close 3 past tech.ipynb,1600,1950-01-01,0.6,/OC,150,5,all - og,,2,,,3000,220,EEM,0.5,0.0,0.42,0.84,0.0442,0,0.2834,-0.000128,0.007963,-0.000431,0.011866,
Decision Tree Testing Consistency Open Close 4 (BM Target),1600,1950-01-01,0.625,,150,5,all - og,,2,,OC,3000,220,IYW,0.4608,0.0086,1.46,2.92,0.0933,0.01,1.0154,0.000658,0.010859,0.001299,0.015076,
Decision Tree Testing Consistency Open Close 4 (BM Target),1600,1950-01-01,0.625,/OC,150,5,all - og,,2,,,3000,220,EEM,0.5475,0.0131,0.38,0.76,0.0979,0.05,0.2554,0.001307,0.007125,0.001266,0.009173,
Decision Tree Testing Consistency Open Close 3.ipynb,1600,1950-01-01,0.625,,150,5,all - og,,10,,OC,3000,220,IYW,0.5271,0.0097,1.73,17.31,0.0912,0.11,1.1313,0.001734,0.015131,0.000989,0.019411,
Decision Tree Testing Consistency Open Close 3.ipynb,1600,1950-01-01,0.6,,150,5,all - og,,10,,OC,3000,220,QQQ,0.44,0.021,1.91,19.1,0.0535,0.27,3.782,0.001416,0.015003,0.001651,0.019005,
Decision Tree Testing Consistency Open Close 3.ipynb,1600,1950-01-01,0.625,,150,5,all - og,,10,,OC,3000,220,VGT,0.5454,0.0128,0.96,9.63,0.0619,1.24,6.0938,0.003719,0.018029,0.002496,0.024481,
Decision Tree Testing Consistency Open Close 3 past tech.ipynb,1600,1950-01-01,0.6,/OC,150,5,all - og,,10,,,3000,220,QQQ,0.4576,0.0223,1.26,12.6,0.0645,-0.27,5.2268,-0.000771,0.016222,8.90E-05,0.019947,
Decision Tree Testing Consistency Open Close 3 past tech.ipynb,1600,1950-01-01,0.6,/OC,150,5,all - og,,10,,,3000,220,EEM,0.5033,0.0253,0.41,4.13,0.0599,0.03,0.2783,0.000742,0.007725,0.000392,0.011489,
Decision Tree Testing Consistency Open Close 4 (BM Target),1600,1950-01-01,0.625,,150,5,all - og,,10,,OC,3000,220,IYW,0.4564,0.0105,1.45,14.53,0.0871,0,1.0456,0.000583,0.011143,0.001321,0.015444,
Decision Tree Testing Consistency Open Close 4 (BM Target),1600,1950-01-01,0.625,/OC,150,5,all - og,,10,,,3000,220,EEM,0.5536,0.0212,0.37,3.73,0.0984,0.04,0.2552,0.001248,0.007105,0.001164,0.009094,
Decision Tree Testing Consistency Open Close 3.ipynb,1600,1950-01-01,0.64,,150,5,all - og,,10,,OC,3000,220,IYW,0.5084,0.0149,1.69,16.87,0.0501,0.12,1.2793,0.001671,0.017039,0.000217,0.021712,
Decision Tree Testing Consistency Open Close 4 (BM Target),1600,1950-01-01,0.6,,150,5,all - og,,10,,OC,3000,220,QQQ,0.523,0.0292,1.02,10.16,0.0427,-0.03,2.3401,-0.000305,0.012204,9.00E-06,0.016055,
Decision Tree Testing Consistency Open Close 4 (BM Target),1600,1950-01-01,0.64,/OC,150,5,all - og,,10,,,3000,220,EEM,0.5873,0.0466,0.37,3.7,0.0536,0.04,0.2402,0.001095,0.006711,0.001502,0.008844,
Decision Tree Testing Consistency Open Close 3.ipynb,1600,1950-01-01,0.625,,150,5,all - og,,10,,OC,3000,220,IYW,0.527,0.0141,1.68,16.82,0.092,0.1,1.1277,0.001611,0.015104,0.000904,0.019442,
Decision Tree Testing Consistency Open Close 3.ipynb,1600,1950-01-01,0.64,,150,5,all - og,,10,,OC,3000,220,IYW,0.5066,0.0162,1.67,16.67,0.0503,0.13,1.2856,0.001749,0.017122,0.000378,0.021775,
Decision Tree Testing Consistency Open Close 3.ipynb,1600,1950-01-01,0.63,,150,5,all - og,,10,,OC,3000,220,IYW,0.5078,0.0117,1.86,18.56,0.0752,0.12,1.1805,0.001862,0.015805,0.001115,0.020318,
Decision Tree Testing Consistency Open Close 4 (BM Target),1600,1950-01-01,0.64,,150,5,all - og,,10,,OC,3000,220,IYW,0.4414,0.0231,0.9,8.99,0.0437,0.12,1.119,0.001031,0.012768,0.003943,0.017874,
Decision Tree Testing Consistency Open Close 3.ipynb,1600,1950-01-01,0.63,,150,5,all - og,,4,,OC,3000,220,IYW,0.5062,0.0089,1.67,6.7,0.0756,0.12,1.1799,0.001885,0.015744,0.001112,0.020041,
Decision Tree Testing Consistency Open Close 3.ipynb,1600,1950-01-01,0.6,,150,5,all - og,,4,,OC,3000,220,QQQ,0.4418,0.013,1.91,7.65,0.0515,0.33,3.7355,0.00166,0.015007,0.00183,0.018835,
Decision Tree Testing Consistency Open Close 3.ipynb,1600,1950-01-01,0.625,,150,5,all - og,,4,,OC,3000,220,VGT,0.5486,0.0147,0.97,3.86,0.0624,1.19,6.1023,0.003616,0.018053,0.002226,0.024264,
Decision Tree Testing Consistency Open Close 3 past tech.ipynb,1600,1950-01-01,0.6,/OC,150,5,all - og,,4,,,3000,220,QQQ,0.4664,0.0209,1.26,5.02,0.059,-0.39,5.3532,-0.00108,0.016711,-0.000203,0.020362,
Decision Tree Testing Consistency Open Close 3 past tech.ipynb,1600,1950-01-01,0.6,/OC,150,5,all - og,,4,,,3000,220,EEM,0.5165,0.0409,0.41,1.66,0.0482,0.01,0.2763,0.000208,0.007759,-0.000725,0.01133,
Decision Tree Testing Consistency Open Close 4 (BM Target),1600,1950-01-01,0.64,,150,5,all - og,,4,,OC,3000,220,IYW,0.4879,0.0106,1.45,5.78,0.0497,-0.03,1.0926,0.000261,0.012235,0.001791,0.017669,
Decision Tree Testing Consistency Open Close 4 (BM Target),1600,1950-01-01,0.64,/OC,150,5,all - og,,4,,,3000,220,EEM,0.565,0.0342,0.37,1.49,0.0557,0.04,0.2364,0.001126,0.006615,0.001578,0.00877,
Decision Tree Testing Consistency Open Close 4 (BM Target),1600,1950-01-01,0.64,,150,5,all - og,,10,,,3000,220,IYH,0.637,0.0442,1.11,11.06,0.0124,0.15,0.4815,0.002698,0.008516,0.001983,0.009205,
Decision Tree Testing Consistency Open Close 4 (BM Target),1600,1950-01-01,0.625,,150,5,all - og,HealthOC,10,,,3000,220,IYH,0.5644,0.0323,1.12,11.16,0.05,0.06,0.3689,0.001079,0.006276,0.000794,0.008276,
Decision Tree Testing Consistency Open Close 4 (BM Target),1600,1950-01-01,0.625,,150,5,all - og,HealthOCL,10,,,3000,220,IYH,0.5397,0.0133,1.15,11.55,0.0906,0.06,0.3509,0.000999,0.005946,0.001035,0.008653,
Decision Tree Testing Consistency Open Close 4 (BM Target),1600,1950-01-01,0.635,,150,5,all - og,HealthOCL,10,,,3000,220,IYH,0.5562,0.0135,1.15,11.53,0.0717,0.07,0.362,0.001142,0.00612,0.001118,0.008694,
Decision Tree Testing Consistency Open Close 4 (BM Target),1600,1950-01-01,0.64,,150,5,all - og,HealthOCL,10,,,3000,220,IYH,0.5554,0.0261,1.15,11.48,0.0612,0.08,0.3624,0.001303,0.006139,0.001153,0.008616,
Decision Tree Testing Consistency Open Close 4 (BM Target),1600,1950-01-01,0.625,,150,5,all - og,HealthOCL,10,,,3000,220,XLV,0.7271,0.1279,1.19,11.88,0.0041,-0.34,1.2236,-0.003522,0.01469,-0.004923,0.017781,
Decision Tree Testing Consistency Open Close 4 (BM Target),1600,1950-01-01,0.6,,150,5,all - og,HealthOCL,5,,,3000,220,XLV,0.5713,0.0157,1.17,5.85,0.0601,0,0.9201,0.000103,0.008685,0.000338,0.0117,
Decision Tree Testing Consistency Open Close 4 (BM Target),1600,1950-01-01,0.6,,150,5,all - og,HealthOC,5,,,3000,220,XLV,0.5454,0.0135,1.15,5.74,0.0588,0.05,0.96,0.000457,0.009052,0.001376,0.012759,
Decision Tree Testing Consistency Open Close 3.ipynb,1600,1950-01-01,0.63,,150,5,all - og,,4,,OC,3000,220,IYW,0.5032,0.0087,1.67,6.67,0.0756,0.13,1.1744,0.002003,0.015726,0.001275,0.020265,
Decision Tree Testing Consistency Open Close 3.ipynb,1600,1950-01-01,0.6,,150,5,all - og,,4,,OC,3000,220,QQQ,0.4464,0.0067,1.91,7.62,0.0534,0.31,3.7825,0.001611,0.014912,0.00177,0.01912,
Decision Tree Testing Consistency Open Close 3.ipynb,1600,1950-01-01,0.625,,150,5,all - og,,4,,OC,3000,220,VGT,0.5431,0.0131,0.97,3.86,0.063,1.21,6.074,0.003648,0.017967,0.002444,0.02426,
Decision Tree Testing Consistency Open Close 3 past tech.ipynb,1600,1950-01-01,0.6,/OC,150,5,all - og,,4,,,3000,220,QQQ,0.4728,0.0239,1.26,5.05,0.0594,-0.39,5.3142,-0.001105,0.016618,-0.000164,0.020243,
Decision Tree Testing Consistency Open Close 3 past tech.ipynb,1600,1950-01-01,0.6,/OC,150,5,all - og,,4,,,3000,220,EEM,0.5046,0.0351,0.42,1.68,0.0486,0.01,0.2741,4.60E-05,0.007697,-0.000587,0.011376,
Decision Tree Testing Consistency Open Close 4 (BM Target),1600,1950-01-01,0.64,,150,5,all - og,,4,,OC,3000,220,IYW,0.49,0.0171,1.44,5.75,0.0501,-0.06,1.1012,-4.50E-05,0.01233,0.00138,0.017745,
Decision Tree Testing Consistency Open Close 4 (BM Target),1600,1950-01-01,0.64,/OC,150,5,all - og,,4,,,3000,220,EEM,0.5706,0.0339,0.37,1.49,0.0565,0.04,0.2355,0.001143,0.00659,0.00158,0.008738,
Decision Tree Testing Consistency Open Close 4 (BM Target),1600,1950-01-01,0.625,,150,5,all - og,HealthOCL,4,,,3000,220,IYH,0.5387,0.004,1.16,4.64,0.0941,0.06,0.3519,0.000962,0.00597,0.001029,0.008683,
Decision Tree Testing Consistency Open Close 4 (BM Target),1600,1950-01-01,0.6,,150,5,all - og,HealthOC,4,,,3000,220,XLV,0.5537,0.0046,1.15,4.6,0.0605,0.05,0.9684,0.000494,0.009144,0.001431,0.012782,
Decision Tree Testing Consistency Open Close 4 (BM Target),1600,1950-01-01,0.6,,150,5,all - og,HealthOC,5,,,3000,220,IYC,0.5688,0.0113,0.89,4.46,0.1109,0.06,0.8074,0.000893,0.012398,0.00061,0.014683,
Decision Tree Testing Consistency Open Close 4 (BM Target),1600,1950-01-01,0.625,,150,5,all - og,HealthOC,5,,,3000,220,IYC,0.5883,0.0126,0.9,4.49,0.0489,-0.04,0.8871,-0.000485,0.013765,-0.001408,0.015764,
Decision Tree Testing Consistency Open Close 4 (BM Target),1600,1950-01-01,0.6,,150,5,all - og,ConsumeOC,5,,,3000,220,XLY,0.5467,0.0063,1.09,5.45,0.1266,-0.04,1.7443,-0.000145,0.011584,0.000304,0.014749,
Decision Tree Testing Consistency Open Close 4 (BM Target),1600,1950-01-01,0.63,,150,5,all - og,ConsumeOC,5,,,3000,220,XLY,0.5486,0.0161,1.08,5.4,0.0386,-0.51,1.8301,-0.003222,0.011447,-0.001557,0.014435,
Decision Tree Testing Consistency Open Close 4 (BM Target),1600,1950-01-01,0.63,,150,5,all - og,ConsumeOCL,5,,,3000,220,XLY,0.5175,0.0169,1.12,5.62,0.0569,-0.25,1.8133,-0.001545,0.011437,-0.000367,0.014055,
Decision Tree Testing Consistency Open Close 4 (BM Target),1600,1950-01-01,0.63,,150,5,all - og,ConsumeOC,5,,,3000,220,VCR,0.5536,0.0006,0.22,1.11,0.5702,0.18,2.7439,0.000773,0.009391,6.3e-05,0.011991,
Decision Tree Testing Consistency Open Close 4 (BM Target),1600,1950-01-01,0.65,,150,5,all - og,ConsumeOC,5,,,3000,220,VCR,0.5462,0.0034,0.22,1.11,0.4993,0.05,2.7167,0.00021,0.009056,-0.000382,0.011447,
Decision Tree Testing Consistency Open Close 4 (BM Target),1600,1950-01-01,0.65,,150,5,all - og,ConsumeOC,10,,,3000,220,VCR,0.5443,0.0035,0.22,2.23,0.5028,0.05,2.7245,0.000219,0.009101,-0.000391,0.011489,
Decision Tree Testing Consistency Open Close 4 (BM Target),1600,1950-01-01,0.63,,150,5,all - og,ConsumeOC,5,,,3000,220,IYC,0.6046,0.0113,0.88,4.39,0.0414,-0.06,0.9305,-0.000741,0.014415,-0.001511,0.016367,
Decision Tree Testing Consistency Open Close 4 (BM Target),1600,1950-01-01,0.6,,150,5,all - og,ConsumeOC,10,,,3000,220,IYC,0.5665,0.0158,0.9,8.98,0.1125,0.05,0.805,0.000895,0.012365,0.000549,0.014611,
Decision Tree Testing Consistency Open Close 4 (BM Target),1600,1950-01-01,0.6,,150,5,all - og,XLYOC,10,,,3000,220,IYC,0.5773,0.0102,0.9,8.99,0.134,0.05,0.8094,0.000888,0.012471,0.000462,0.014624,
Decision Tree Testing Consistency Open Close 4 (BM Target),1600,1950-01-01,0.625,,150,5,all - og,XLYOC,10,,,3000,220,IYC,0.6085,0.0128,0.9,9.0,0.0602,0.0,0.8623,0.0002,0.013382,-0.000728,0.015376,
"Decision Tree Testing Consistency Open Close 3 past tech, finance.ipynb",1600,1950-01-01,0.6,,150,5,all - og,ConsumeOC,10,,,3000,220,IYC,0.671,0.0192,1.08,10.78,0.047,-0.01,0.956,8.7e-05,0.012898,-0.000871,0.022871,
"Decision Tree Testing Consistency Open Close 3 past tech, finance.ipynb",1600,1950-01-01,0.6,,150,5,all - og,ConsumeOC,10,,,3000,220,XLY,0.5724,0.0153,1.18,11.84,0.0656,-0.1,1.3868,-0.000593,0.0085,-0.001059,0.016145,
Decision Tree Testing Consistency Open Close 3.ipynb,1600,1950-01-01,0.63,,150,5,all - og,,10,,OC,3000,220,IYW,0.5076,0.0129,1.67,16.69,0.0751,0.13,1.1806,0.001927,0.015799,0.001178,0.020292,
Decision Tree Testing Consistency Open Close 3.ipynb,1600,1950-01-01,0.6,,150,5,all - og,,10,,OC,3000,220,QQQ,0.4351,0.0215,1.9,19.02,0.0526,0.23,3.7414,0.00122,0.014894,0.001527,0.018851,
Decision Tree Testing Consistency Open Close 3.ipynb,1600,1950-01-01,0.625,,150,5,all - og,,10,,OC,3000,220,VGT,0.5468,0.0151,0.96,9.61,0.0619,1.24,6.0937,0.003718,0.01803,0.002458,0.024496,
Decision Tree Testing Consistency Open Close 3 past tech.ipynb,1600,1950-01-01,0.6,/OC,150,5,all - og,,10,,,3000,220,QQQ,0.4551,0.0184,1.25,12.5,0.0606,-0.43,5.2868,-0.001204,0.016454,-0.000191,0.020258,
Decision Tree Testing Consistency Open Close 3 past tech.ipynb,1600,1950-01-01,0.6,/OC,150,5,all - og,,10,,,3000,220,EEM,0.5276,0.0381,0.41,4.11,0.0485,0.01,0.2817,0.000177,0.007899,-0.000372,0.011544,
Decision Tree Testing Consistency Open Close 4 (BM Target),1600,1950-01-01,0.64,,150,5,all - og,,10,,OC,3000,220,IYW,0.4736,0.0194,1.43,14.32,0.0462,-0.06,1.1022,-7e-06,0.012331,0.001537,0.017928,
Decision Tree Testing Consistency Open Close 4 (BM Target),1600,1950-01-01,0.64,/OC,150,5,all - og,,10,,,3000,220,EEM,0.5843,0.0482,0.37,3.71,0.0536,0.04,0.2414,0.001049,0.006741,0.001456,0.008865,
Decision Tree Testing Consistency Open Close 4 (BM Target),1600,1950-01-01,0.625,,150,5,all - og,HealthOCL,10,,,3000,220,IYH,0.5387,0.0147,1.16,11.58,0.0912,0.06,0.3508,0.000978,0.005944,0.001063,0.008714,
Decision Tree Testing Consistency Open Close 4 (BM Target),1600,1950-01-01,0.6,,150,5,all - og,HealthOC,10,,,3000,220,XLV,0.557,0.0248,1.15,11.48,0.0563,0.05,0.9875,0.000463,0.009524,0.001145,0.01314,
Decision Tree Testing Consistency Open Close 4 (BM Target),1600,1950-01-01,0.625,,150,5,all - og,ConsumeOC,10,,,3000,220,IYC,0.5819,0.0156,0.9,9.0,0.0506,-0.01,0.8226,-0.00018,0.012755,-0.000899,0.013829,
Decision Tree Testing Consistency Open Close 4 (BM Target),1600,1950-01-01,0.625,,150,5,all - og,,10,,,3000,220,XLE,0.5496,0.0117,1.07,10.66,0.048,-0.01,0.504,-0.000436,0.013219,0.000844,0.016906,
Decision Tree Testing Consistency Open Close 4 (BM Target),1600,1950-01-01,0.625,,150,5,all - og,EnergyOC,10,,,3000,220,XLE,0.4908,0.022,1.18,11.83,0.0558,0.03,0.5332,0.000741,0.011899,0.002417,0.014146,
Decision Tree Testing Consistency Open Close 4 (BM Target),1600,1950-01-01,0.625,,150,5,all - og,EnergyOC,10,,,3000,220,VDE,0.6006,0.0311,0.27,2.66,0.1976,,,,,,,
Decision Tree Testing Consistency Open Close 4 (BM Target),1600,1950-01-01,0.625,,150,5,all - og,EnergyOC,10,,,3000,220,VDE,0.605,0.0302,0.27,2.67,0.1988,,,,,,,
Decision Tree Testing Consistency Open Close 4 (BM Target),1600,1950-01-01,0.625,,150,5,all - og,EnergyOC,10,,,3000,220,IYE,0.7495,0.0202,1.14,11.36,0.0257,-0.04,0.4356,-0.001279,0.011078,-0.002065,0.01302,
Decision Tree Testing Consistency Open Close 4 (BM Target),1600,1950-01-01,0.6,,150,5,all - og,NYEIDOC,10,,,3000,220,IYE,0.5649,0.0118,1.12,11.18,0.0783,-0.02,0.3913,-0.000297,0.014753,-0.000727,0.017556,
Decision Tree Testing Consistency Open Close 4 (BM Target),1600,1950-01-01,0.6,,150,5,all - og,NYEIDOC,10,,,3000,220,XLE,0.5365,0.0066,1.19,11.94,0.1549,0.05,0.5704,0.001224,0.014368,0.001554,0.016584,
Decision Tree Testing Consistency Open Close 4 (BM Target),1600,1950-01-01,0.625,,150,5,all - og,NYEIDOC,10,,,3000,220,XLE,0.5398,0.0244,1.2,12.0,0.0526,0.03,0.5467,0.001137,0.014662,0.001902,0.017153,
Decision Tree Testing Consistency Open Close 4 (BM Target),1600,1950-01-01,0.625,,150,5,all - og,EnergyOC,10,,,3000,220,XLE,0.5396,0.0216,1.2,11.97,0.0527,0.03,0.5486,0.001031,0.014686,0.001824,0.017198,
Decision Tree Testing Consistency Open Close 3.ipynb,1600,1950-01-01,0.63,,150,5,all - og,,10,,OC,3000,220,IYW,0.5092,0.0128,1.7,16.98,0.0751,0.13,1.1822,0.001897,0.015809,0.001082,0.020248,
Decision Tree Testing Consistency Open Close 3.ipynb,1600,1950-01-01,0.6,,150,5,all - og,,10,,OC,3000,220,QQQ,0.437,0.019,2.15,21.5,0.0534,0.3,3.7997,0.001459,0.015072,0.001714,0.019058,
Decision Tree Testing Consistency Open Close 3.ipynb,1600,1950-01-01,0.625,,150,5,all - og,,10,,OC,3000,220,VGT,0.5478,0.0126,0.96,9.62,0.062,1.24,6.0847,0.00374,0.018005,0.002456,0.024541,
Decision Tree Testing Consistency Open Close 3 past tech.ipynb,1600,1950-01-01,0.6,/OC,150,5,all - og,,10,,,3000,220,QQQ,0.4561,0.0202,1.25,12.51,0.0605,-0.39,5.5552,-0.001136,0.016794,-0.000115,0.018573,
Decision Tree Testing Consistency Open Close 3 past tech.ipynb,1600,1950-01-01,0.6,/OC,150,5,all - og,,10,,,3000,220,EEM,0.5242,0.0359,0.41,4.11,0.0485,0.02,0.2436,0.000479,0.006561,-3.5e-05,0.008564,
Decision Tree Testing Consistency Open Close 4 (BM Target),1600,1950-01-01,0.64,,150,5,all - og,,10,,OC,3000,220,IYW,0.4728,0.0203,1.43,14.34,0.0455,-0.06,1.1004,3.7e-05,0.012297,0.001579,0.017942,
Decision Tree Testing Consistency Open Close 4 (BM Target),1600,1950-01-01,0.64,/OC,150,5,all - og,,10,,,3000,220,EEM,0.5833,0.05,0.37,3.71,0.0537,0.06,0.2551,0.001763,0.007106,0.002197,0.008611,
Decision Tree Testing Consistency Open Close 4 (BM Target),1600,1950-01-01,0.625,,150,5,all - og,HealthOCL,10,,,3000,220,IYH,0.5392,0.0108,1.16,11.58,0.0917,0.02,0.3412,0.000396,0.005747,0.000338,0.007919,
Decision Tree Testing Consistency Open Close 4 (BM Target),1600,1950-01-01,0.6,,150,5,all - og,HealthOC,10,,,3000,220,XLV,0.5529,0.0238,1.15,11.48,0.057,0.22,1.134,0.002427,0.011616,0.003086,0.014612,
Decision Tree Testing Consistency Open Close 4 (BM Target),1600,1950-01-01,0.625,,150,5,all - og,NYEIDOC,10,,,3000,220,XLE,0.5357,0.0245,1.19,11.93,0.0528,0.03,0.5483,0.001109,0.014699,0.001926,0.017183,
Decision Tree Testing Consistency Open Close 4 (BM Target),1600,1950-01-01,0.625,,150,5,all - og,EnergyOC,10,,,3000,220,XLE,0.5385,0.0217,1.19,11.93,0.0527,0.03,0.5428,0.001023,0.014534,0.00181,0.016965,
Decision Tree Testing Consistency Open Close 3.ipynb,1600,1950-01-01,0.63,,150,5,all - og,,1,,OC,3000,220,IYW,0.4938,0.0,1.92,1.92,0.0755,0.11,1.1904,0.001722,0.015866,0.001277,0.020408,
Decision Tree Testing Consistency Open Close 3.ipynb,1600,1950-01-01,0.63,,150,5,all - og,,1,,OC,3000,220,F,0.0,0.0,3.72,3.72,0.0003,-0.18,0.0,-0.021988,0.0,-0.028474,0.0,
Decision Tree Testing Consistency Open Close 3.ipynb,1600,1950-01-01,0.63,,150,5,all - og,,1,,OC,3000,220,QQQ,0.2857,0.0,2.4,2.4,0.0087,0.43,3.4491,0.002506,0.013171,0.002835,0.01587,
Decision Tree Testing Consistency Open Close 3.ipynb,1600,1950-01-01,0.63,,150,5,all - og,,1,,OC,3000,220,VDE,0.0,0.0,0.87,0.87,0.0,,,,,,,
Decision Tree Testing Consistency Open Close 3.ipynb,1600,1950-01-01,0.63,,150,5,all - og,,1,,OC,3000,220,IWM,0.5714,0.0,2.2,2.2,0.0066,-0.24,2.8629,-0.004532,0.022338,-0.010735,0.03562,
Decision Tree Testing Consistency Open Close 3.ipynb,1600,1950-01-01,0.63,,150,5,all - og,,1,,OC,3000,220,IWM,0.5714,0.0,2.13,2.13,0.0066,-0.24,2.8629,-0.004532,0.022338,-0.010735,0.03562,
Decision Tree Testing Consistency Open Close 3.ipynb,1600,1950-01-01,0.63,,150,5,all - og,,1,,OC,3000,220,IWM,0.6,0.0,1.85,1.85,0.0047,-0.51,2.6284,-0.0059,0.020962,-0.009231,0.030042,
Decision Tree Testing Consistency Open Close 3.ipynb,1600,1950-01-01,0.63,,150,5,all - og,,1,,OC,3000,220,XLE,0.6176,0.0,2.21,2.21,0.0137,0.09,0.6175,0.003073,0.022579,-0.000191,0.034517,
Decision Tree Testing Consistency Open Close 3.ipynb,1600,1950-01-01,0.63,,150,5,all - og,,1,,OC,3000,220,XLE,0.6207,0.0,2.21,2.21,0.0117,0.1,0.6247,0.003448,0.024131,-0.000375,0.037265,
Decision Tree Testing Consistency Open Close 3.ipynb,1600,1950-01-01,0.63,,150,5,all - og,,1,,OC,3000,220,XLE,0.6071,0.0,2.23,2.23,0.0113,0.07,0.6898,0.002113,0.026421,-0.000593,0.038016,
Decision Tree Testing Consistency Open Close 3.ipynb,1600,1950-01-01,0.63,,150,5,all - og,,1,,OC,3000,220,XLE,0.6071,0.0,2.24,2.24,0.0113,0.11,0.6652,0.003796,0.024663,6.1e-05,0.037883,
Decision Tree Testing Consistency Open Close 3.ipynb,1600,1950-01-01,0.63,,150,5,all - og,,1,,OC,3000,220,IYW,0.4968,0.0,1.7,1.7,0.0741,0.14,1.2845,0.001624,0.016642,,,
Decision Tree Testing Consistency Open Close 3.ipynb,1600,1950-01-01,0.63,,150,5,all - og,,1,,OC,3000,220,IYW,0.4907,0.0,1.67,1.67,0.0759,0.13,1.2755,0.001547,0.016608,0.000955,0.00768,
Decision Tree Testing Consistency Open Close 3.ipynb,1600,1950-01-01,0.63,,150,5,all - og,,1,,OC,3000,220,IYW,0.4907,0.0,1.66,1.66,0.0759,0.13,1.2757,0.00155,0.016606,0.000865,0.007743,
Decision Tree Testing Consistency Open Close 3.ipynb,1600,1950-01-01,0.63,,150,5,all - og,,10,,OC,3000,220,IYW,0.5132,0.008,1.67,16.72,0.0763,0.15,1.2493,0.001752,0.016019,0.000988,0.007746,
Decision Tree Testing Consistency Open Close 3.ipynb,1600,1950-01-01,0.63,,150,5,all - og,,10,,OC,3000,220,IYW,0.506,0.0112,1.68,16.77,0.0758,,,,,,,
Decision Tree Testing Consistency Open Close 3.ipynb,1600,1950-01-01,0.63,,150,5,all - og,,1,,OC,3000,220,IYW,0.4969,0.0,1.58,1.58,0.075,,,,,,,
Decision Tree Testing Consistency Open Close 3.ipynb,1600,1950-01-01,0.63,,150,5,all - og,,1,,OC,3000,220,IYW,0.4904,0.0,1.62,1.62,0.074,,,,,,,
Decision Tree Testing Consistency Open Close 3.ipynb,1600,1950-01-01,0.63,,150,5,all - og,,1,,OC,3000,220,IYW,0.4938,0.0,1.62,1.62,0.0754,,,,,-0.000715,0.009679,
Decision Tree Testing Consistency Open Close 3.ipynb,1600,1950-01-01,0.63,,150,5,all - og,,1,,OC,3000,220,IYW,0.5,0.0,1.61,1.61,0.0745,,,,,-0.000721,0.009687,
Decision Tree Testing Consistency Open Close 3.ipynb,1600,1950-01-01,0.63,,150,5,all - og,,10,,OC,3000,220,IYW,0.5057,0.0111,1.67,16.74,0.0765,,,,,-0.000726,0.009695,
Decision Tree Testing Consistency Open Close 3.ipynb,1600,1950-01-01,0.63,,150,5,all - og,,10,,OC,3000,220,IYW,0.5099,0.0117,1.65,16.48,0.0749,0.13,1.1812,0.001914,0.015809,0.001102,0.020307,
Decision Tree Testing Consistency Open Close 3.ipynb,1600,1950-01-01,0.63,,150,5,all - og,,10,,OC,3000,220,IYW,0.5092,0.0112,1.66,16.65,0.0752,0.13,1.1812,0.001896,0.015812,0.001099,0.020308,
Decision Tree Testing Consistency Open Close 3.ipynb,1600,1950-01-01,0.63,,150,5,all - og,,10,,OC,3000,220,IYW,0.5094,0.0131,1.67,16.69,0.0746,0.12,1.1782,0.001871,0.015767,0.001077,0.02024,
Decision Tree Testing Consistency Open Close 3.ipynb,1600,1950-01-01,0.63,,150,5,all - og,,10,,OC,3000,220,IYW,0.5086,0.0113,1.68,16.75,0.075,0.13,1.1815,0.001911,0.015795,0.001128,0.020277,
Decision Tree Testing Consistency Open Close 3.ipynb,1600,1950-01-01,0.63,,150,5,all - og,,10,,OC,3000,220,IYW,0.5091,0.011,1.63,16.31,0.0747,0.12,1.183,0.001854,0.015809,0.001074,0.020244,
Decision Tree Testing Consistency Open Close 3.ipynb,1600,1950-01-01,0.63,,150,5,all - og,,10,,OC,3000,220,IYW,0.5076,0.0123,1.63,16.28,0.0751,0.12,1.1808,0.001878,0.015796,0.001144,0.020273,
Decision Tree Testing Consistency Open Close 3.ipynb,1600,1950-01-01,0.63,,150,5,all - og,,10,,OC,3000,220,IYW,0.5118,0.0114,1.66,16.61,0.0745,0.12,1.1812,0.001874,0.015808,0.001044,0.020265,
Decision Tree Testing Consistency Open Close 3.ipynb,1600,1950-01-01,0.63,,150,5,all - og,,10,,OC,3000,220,IYW,0.5105,0.0105,1.66,16.57,0.0747,0.12,1.1825,0.001817,0.015778,0.000928,0.020083,
Decision Tree Testing Consistency Open Close 3.ipynb,1600,1950-01-01,0.63,,150,5,all - og,,10,,OC,3000,220,IYW,0.509,0.0103,1.68,16.76,0.0748,0.12,1.1807,0.001832,0.015797,0.001087,0.02028,
Decision Tree Testing Consistency Open Close 3.ipynb,1600,1950-01-01,0.63,,150,5,all - og,,10,,OC,3000,220,IYW,0.5083,0.01,1.68,16.76,0.0746,0.15,1.2515,0.001759,0.015947,0.000927,0.007761,
Decision Tree Testing Consistency Open Close 3.ipynb,1600,1950-01-01,0.63,,150,5,all - og,,10,,OC,3000,220,IYW,0.507,0.0136,1.65,16.55,0.0745,0.13,1.1817,0.001902,0.015818,0.001136,0.020338,
Decision Tree Testing Consistency Open Close 3.ipynb,1600,1950-01-01,0.63,,150,5,all - og,,10,,OC,3000,220,IYW,0.5328,0.0179,1.64,16.42,0.0635,0.12,1.246,0.001617,0.01628,-8.4e-05,0.020887,
Decision Tree Testing Consistency Open Close 3.ipynb,1600,1950-01-01,0.63,,150,5,all - og,,10,,OC,3000,220,IYW,0.5101,0.0114,1.66,16.6,0.0747,0.13,1.1812,0.001925,0.015794,0.001141,0.020231,
Decision Tree Testing Consistency Open Close 3.ipynb,1600,1950-01-01,0.63,,150,5,all - og,,10,,OC,3000,220,IYW,0.534,0.0153,1.65,16.47,0.064,0.1,1.2445,0.001428,0.016293,-0.00022,0.020784,
Decision Tree Testing Consistency Open Close 3.ipynb,1600,1950-01-01,0.63,,150,5,all - og,,10,,OC,3000,220,IYW,0.5095,0.0107,1.67,16.7,0.0764,,,,,,,
Decision Tree Testing Consistency Open Close 3.ipynb,1600,1950-01-01,0.63,,150,5,all - og,,10,,OC,3000,220,IYW,0.5055,0.0104,1.67,16.69,0.0746,,,,,,,
Decision Tree Testing Consistency Open Close 3.ipynb,1600,1950-01-01,0.63,,150,5,all - og,,10,,OC,3000,220,IYW,0.508,0.0117,1.69,16.92,0.0746,0.15,1.2502,0.001675,0.01596,0.000938,0.007728,
Decision Tree Testing Consistency Open Close 3.ipynb,1600,1950-01-01,0.63,,150,5,all - og,,10,,OC,3000,220,IYW,0.5082,0.0112,1.67,16.72,0.0742,0.15,1.2516,0.00168,0.016019,0.000931,0.007744,
Decision Tree Testing Consistency Open Close 3.ipynb,1600,1950-01-01,0.63,,150,5,all - og,,1,,OC,3000,220,IYW,0.5193,0.0,1.65,1.65,0.0849,0.14,1.2142,0.001595,0.01548,0.001086,0.007591,
Decision Tree Testing Consistency Open Close 3.ipynb,1600,1950-01-01,0.63,,150,5,all - og,,10,,OC,3000,220,IYW,0.5089,0.0093,1.68,16.78,0.0761,,,,,,,
Decision Tree Testing Consistency Open Close 3.ipynb,1600,1950-01-01,0.63,,150,5,all - og,,1,,OC,3000,220,IYW,0.5,0.0,1.67,1.67,0.0759,,,,,,,
Decision Tree Testing Consistency Open Close 3.ipynb,1600,1950-01-01,0.63,,150,5,all - og,,1,,OC,3000,220,IYW,0.5031,0.0,1.66,1.66,0.0764,0.14,1.2705,0.001651,0.016456,0.00091,0.007846,
Decision Tree Testing Consistency Open Close 3.ipynb,1600,1950-01-01,0.63,,150,5,all - og,,10,,OC,3000,220,IYW,0.5081,0.0148,1.67,16.7,0.0743,0.15,1.2519,0.001682,0.016028,0.000932,0.007771,
Next Day Prediction N Events.ipynb,1600,1950-01-01,0.63,,150,5,all - og,,1,,OC,3000,220,IYW,0.4968,0.0,1.62,1.62,0.0735,0.13,1.2849,0.0015,0.016658,0.000804,0.007772,
Decision Tree Testing Consistency Open Close 3.ipynb,1600,1950-01-01,0.6,,150,5,all - og,,1,,OC,3000,220,QQQ,0.4112,0.0,2.12,2.12,0.0439,-0.22,3.4154,-0.001499,0.014225,-0.001004,0.006021,
Decision Tree Testing Consistency Open Close 3.ipynb,1600,1950-01-01,0.625,,150,5,all - og,,1,,OC,3000,220,VGT,0.5541,0.0,0.96,0.96,0.0613,0.97,6.6357,0.003057,0.019433,0.001687,0.007458,
Decision Tree Testing Consistency Open Close 3 past tech.ipynb,1600,1950-01-01,0.6,/OC,150,5,all - og,,1,,,3000,220,QQQ,0.4712,0.0,1.24,1.24,0.0625,,,,,,,
Decision Tree Testing Consistency Open Close 3 past tech.ipynb,1600,1950-01-01,0.6,/OC,150,5,all - og,,1,,,3000,220,EEM,0.5,0.0,0.42,0.42,0.0473,-0.04,0.2683,-0.001155,0.007426,-0.00077,0.008814,
Prediction Overlap N Events.ipynb,1600,1950-01-01,0.63,,150,5,all - og,,1,,OC,3000,220,IYW,0.5061,0.0,1.63,1.63,0.0769,0.13,1.1799,0.002032,0.015603,0.00127,0.019974,
Decision Tree Testing Consistency Open Close 3.ipynb,1600,1950-01-01,0.6,,150,5,all - og,,1,,OC,3000,220,QQQ,0.4298,0.0,2.09,2.09,0.0497,0.48,3.8028,0.002398,0.015162,0.002978,0.019843,
Decision Tree Testing Consistency Open Close 3.ipynb,1600,1950-01-01,0.625,,150,5,all - og,,1,,OC,3000,220,VGT,0.5641,0.0,0.95,0.95,0.0646,1.01,6.0892,0.003049,0.018087,0.001273,0.024103,
Decision Tree Testing Consistency Open Close 3 past tech.ipynb,1600,1950-01-01,0.6,/OC,150,5,all - og,,1,,,3000,220,QQQ,0.463,0.0,1.24,1.24,0.065,-0.24,5.5204,-0.000311,0.017561,0.000488,0.020107,
Decision Tree Testing Consistency Open Close 3 past tech.ipynb,1600,1950-01-01,0.6,/OC,150,5,all - og,,1,,,3000,220,EEM,0.5,0.0,0.41,0.41,0.0537,0.01,0.2564,0.000238,0.007099,0.00126,0.012408,
Decision Tree Testing Consistency Open Close 4 (BM Target),1600,1950-01-01,0.64,,150,5,all - og,,1,,OC,3000,220,IYW,0.4955,0.0,1.43,1.43,0.052,-0.09,1.1716,-5.8e-05,0.012088,0.001051,0.017201,
Decision Tree Testing Consistency Open Close 4 (BM Target),1600,1950-01-01,0.64,/OC,150,5,all - og,,1,,,3000,220,EEM,0.5556,0.0,0.37,0.37,0.0569,-0.04,0.2942,-0.001001,0.008012,-0.000802,0.009939,
Decision Tree Testing Consistency Open Close 4 (BM Target),1600,1950-01-01,0.625,,150,5,all - og,HealthOCL,1,,,3000,220,IYH,0.542,0.0,1.14,1.14,0.098,0.03,0.3482,0.000554,0.00589,0.000826,0.008998,
Decision Tree Testing Consistency Open Close 4 (BM Target),1600,1950-01-01,0.6,,150,5,all - og,HealthOC,1,,,3000,220,XLV,0.5607,0.0,1.14,1.14,0.0625,0.04,0.7917,0.000273,0.006284,0.000963,0.010249,
Decision Tree Testing Consistency Open Close 4 (BM Target),1600,1950-01-01,0.625,,150,5,all - og,NYEIDOC,1,,,3000,220,XLE,0.5294,0.0,1.19,1.19,0.05,-0.07,0.5946,-0.001202,0.015302,-0.001165,0.017072,
Decision Tree Testing Consistency Open Close 4 (BM Target),1600,1950-01-01,0.625,,150,5,all - og,EnergyOC,1,,,3000,220,XLE,0.5465,0.0,1.19,1.19,0.0506,-0.09,0.613,-0.001626,0.015549,-0.001494,0.01712,
Prediction Overlap N Events.ipynb,1600,1950-01-01,0.63,,150,5,all - og,,10,,OC,3000,220,IYW,0.5098,0.013,1.69,16.88,0.0751,0.12,1.178,0.00185,0.015779,0.001157,0.020293,
Prediction Overlap N Events.ipynb,1600,1950-01-01,0.63,,150,5,all - og,,10,,OC,3000,220,IYW,0.5086,0.013,1.65,16.53,0.0746,0.13,1.1802,0.001946,0.015805,0.001148,0.020286,
Decision Tree Testing Consistency Open Close 3.ipynb,1600,1950-01-01,0.6,,150,5,all - og,,10,,OC,3000,220,QQQ,0.4273,0.0148,2.16,21.62,0.0529,0.26,3.7113,0.001362,0.015053,0.001781,0.019047,
Decision Tree Testing Consistency Open Close 3.ipynb,1600,1950-01-01,0.625,,150,5,all - og,,10,,OC,3000,220,VGT,0.5463,0.0118,0.96,9.61,0.0608,1.2,6.1242,0.003625,0.018152,0.002368,0.024703,
Decision Tree Testing Consistency Open Close 3 past tech.ipynb,1600,1950-01-01,0.6,/OC,150,5,all - og,,10,,,3000,220,QQQ,0.4575,0.0221,1.25,12.54,0.0602,-0.29,5.5271,-0.000502,0.01758,0.000537,0.020307,
Decision Tree Testing Consistency Open Close 3 past tech.ipynb,1600,1950-01-01,0.6,/OC,150,5,all - og,,10,,,3000,220,EEM,0.5145,0.0377,0.41,4.12,0.0463,-0.0,0.2395,-5.2e-05,0.006717,-0.000182,0.011701,
Decision Tree Testing Consistency Open Close 4 (BM Target),1600,1950-01-01,0.64,,150,5,all - og,,10,,OC,3000,220,IYW,0.4778,0.0173,1.44,14.36,0.0457,-0.06,1.0854,4.5e-05,0.012243,0.001571,0.017835,
Decision Tree Testing Consistency Open Close 4 (BM Target),1600,1950-01-01,0.64,/OC,150,5,all - og,,10,,,3000,220,EEM,0.5829,0.0485,0.37,3.72,0.0537,-0.02,0.2887,-0.000348,0.007991,6.8e-05,0.010151,
Decision Tree Testing Consistency Open Close 4 (BM Target),1600,1950-01-01,0.625,,150,5,all - og,HealthOCL,10,,,3000,220,IYH,0.537,0.0154,1.16,11.58,0.0912,0.03,0.3356,0.000585,0.005656,0.000729,0.008809,
Decision Tree Testing Consistency Open Close 4 (BM Target),1600,1950-01-01,0.6,,150,5,all - og,HealthOC,10,,,3000,220,XLV,0.5559,0.0288,1.15,11.5,0.0565,0.06,0.8078,0.000437,0.006517,0.001141,0.01116,
Decision Tree Testing Consistency Open Close 4 (BM Target),1600,1950-01-01,0.625,,150,5,all - og,NYEIDOC,10,,,3000,220,XLE,0.5385,0.0239,1.19,11.93,0.0527,-0.06,0.6192,-0.001087,0.015967,-0.000412,0.018138,
Decision Tree Testing Consistency Open Close 4 (BM Target),1600,1950-01-01,0.625,,150,5,all - og,EnergyOC,10,,,3000,220,XLE,0.5401,0.0252,1.2,11.96,0.0528,-0.07,0.6199,-0.00112,0.015992,-0.000459,0.018185,
Decision Tree Testing Consistency Open Close 3 past tech.ipynb,1600,1950-01-01,0.6,/OC,150,5,all - og,,10,,,3000,220,EEM,0.5169,0.032,0.4,4.03,0.0517,0.09,0.2314,0.002396,0.006483,0.001754,0.009533,
Decision Tree Testing Consistency Open Close 3 past tech.ipynb,1600,1950-01-01,0.6,/OC,150,5,all - og,,10,,,3000,220,QQQ,0.4471,0.0154,1.25,12.53,0.0625,-0.4,5.0982,-0.00108,0.016258,1.9e-05,0.018263,
Decision Tree Testing Consistency Open Close 3 past tech.ipynb,1600,1950-01-01,0.6,/OC,150,5,all - og,,10,,,3000,220,QQQ,0.4564,0.0219,1.24,12.39,0.0603,0.21,5.3791,0.000983,0.016746,0.002054,0.019366,
Decision Tree Testing Consistency Open Close 3 past tech.ipynb,1600,1950-01-01,0.6,/OC,150,5,all - og,,10,,,3000,220,QQQ,0.4557,0.024,1.24,12.45,0.0604,0.21,5.3785,0.000967,0.016759,0.002001,0.019434,
Next Day Prediction + Overlap.ipynb,1600,1950-01-01,0.63,,150,5,all - og,,10,,OC,3000,220,IYW,0.5076,0.0122,1.67,16.73,0.0745,0.15,1.2524,0.001692,0.016046,0.000932,0.007747,
Next Day Prediction + Overlap.ipynb,1600,1950-01-01,0.63,,150,5,all - og,,10,,OC,3000,220,IYW,0.5115,0.0118,1.67,16.69,0.0745,0.15,1.2481,0.001764,0.015984,0.00096,0.007741,
Next Day Prediction + Overlap.ipynb,1600,1950-01-01,0.6,,150,5,all - og,,10,,OC,3000,220,QQQ,0.4367,0.0227,2.15,21.49,0.0533,-0.17,3.5394,-0.001312,0.014826,-0.000995,0.006017,
Next Day Prediction + Overlap.ipynb,1600,1950-01-01,0.63,,150,5,all - og,,10,,OC,3000,220,IYW,0.5118,0.0107,1.67,16.68,0.0746,0.15,1.2484,0.001738,0.015988,0.000965,0.007762,
Next Day Prediction + Overlap.ipynb,1600,1950-01-01,0.6,,150,5,all - og,,10,,OC,3000,220,QQQ,0.4353,0.0185,2.15,21.45,0.0521,-0.17,3.506,-0.001289,0.014681,-0.000918,0.005996,
Decision Tree Testing Consistency Open Close 3.ipynb,1600,1950-01-01,0.6,,150,5,all - og,,10,,OC,3000,220,QQQ,0.4394,0.0221,2.12,21.22,0.0531,0.24,3.7997,0.001311,0.015033,0.001619,0.018995,
Next Day Prediction + Overlap.ipynb,1600,1950-01-01,0.63,,150,5,all - og,,10,,OC,3000,220,IYW,0.513,0.0093,1.67,16.69,0.0752,0.16,1.2564,0.001874,0.016099,0.001037,0.007809,
Next Day Prediction + Overlap.ipynb,1600,1950-01-01,0.6,,150,5,all - og,,10,,OC,3000,220,QQQ,0.4368,0.0229,2.13,21.32,0.0594,-0.16,3.5313,-0.00121,0.014813,-0.000827,0.005969,
Next Day Prediction + Overlap.ipynb,1600,1950-01-01,0.63,,150,5,all - og,,1,,OC,3000,220,IYW,0.4969,0.0,1.65,1.65,0.0744,,,,,,,
Next Day Prediction + Overlap.ipynb,1600,1950-01-01,0.6,,150,5,all - og,,1,,OC,3000,220,QQQ,0.4348,0.0,2.12,2.12,0.0471,,,,,,,
Decision Tree Testing Consistency Open Close 3.ipynb,1600,1950-01-01,0.6,,150,5,all - og,,10,,OC,3000,220,QQQ,0.433,0.0212,2.14,21.41,0.0527,0.28,3.7846,0.001413,0.015036,0.00171,0.019074,
Next Day Prediction + Overlap.ipynb,1600,1950-01-01,0.63,,150,5,all - og,,1,,OC,3000,220,IYW,0.4968,0.0,1.58,1.58,0.0725,0.13,1.2858,0.001534,0.016658,0.000915,0.007734,
Next Day Prediction + Overlap.ipynb,1600,1950-01-01,0.6,,150,5,all - og,,1,,OC,3000,220,QQQ,0.4435,0.0,2.08,2.08,0.0471,-0.14,3.3956,-0.001183,0.014383,-0.001068,0.005991,
Decision Tree Testing Consistency Open Close 3.ipynb,1600,1950-01-01,0.6,,150,5,all - og,,1,,OC,3000,220,QQQ,0.4435,0.0,2.09,2.09,0.0471,0.29,3.6636,0.001726,0.01485,0.001771,0.018619,
Decision Tree Testing Consistency Open Close 3.ipynb,1600,1950-01-01,0.6,,150,5,all - og,,1,,OC,3000,220,QQQ,0.4453,0.0,2.1,2.1,0.0561,0.35,3.9699,0.001641,0.015766,0.001472,0.020432,
Decision Tree Testing Consistency Open Close 3.ipynb,1600,1950-01-01,0.6,,150,5,all - og,,1,,OC,3000,220,QQQ,0.4386,0.0,2.14,2.14,0.0467,-0.14,3.4143,-0.001232,0.014462,-0.001106,0.00601,
Decision Tree Testing Consistency Open Close 3.ipynb,1600,1950-01-01,0.6,,150,5,all - og,,1,,OC,3000,220,QQQ,0.4037,0.0,2.14,2.14,0.0446,0.3,3.6595,0.001242,0.014836,0.001838,0.01796,
Decision Tree Testing Consistency Open Close 3.ipynb,1600,1950-01-01,0.6,,150,5,all - og,,1,,OC,3000,220,QQQ,0.4386,0.0,2.08,2.08,0.0467,-0.14,3.4106,-0.001195,0.014446,-0.00109,0.006013,
Decision Tree Testing Consistency Open Close 3.ipynb,1600,1950-01-01,0.6,,150,5,all - og,,1,,OC,3000,220,QQQ,0.4242,0.0,2.06,2.06,0.0405,0.56,3.5716,0.002442,0.014994,0.002669,0.018735,
Decision Tree Testing Consistency Open Close 3.ipynb,1600,1950-01-01,0.6,,150,5,all - og,,1,,OC,3000,220,QQQ,0.4435,0.0,2.06,2.06,0.0471,0.26,3.6606,0.001481,0.014738,0.001575,0.018386,
Decision Tree Testing Consistency Open Close 3.ipynb,1600,1950-01-01,0.6,,150,5,all - og,,1,,OC,3000,220,QQQ,0.4348,0.0,2.03,2.03,0.0471,-0.16,3.4023,-0.001266,0.014402,-0.001088,0.005987,
Decision Tree Testing Consistency Open Close 3.ipynb,1600,1950-01-01,0.6,,150,5,all - og,,1,,OC,3000,220,QQQ,0.4141,0.0,2.04,2.04,0.0405,-0.12,3.4006,-0.001247,0.014541,-0.000899,0.006121,
Decision Tree Testing Consistency Open Close 3.ipynb,1600,1950-01-01,0.6,,150,5,all - og,,10,,OC,3000,220,QQQ,0.4395,0.0202,2.11,21.07,0.0529,-0.17,3.5376,-0.001283,0.014813,-0.000995,0.00602,
Decision Tree Testing Consistency Open Close 4 (BM Target),1600,1950-01-01,0.64,,150,5,all - og,EnergyOC,10,,,3000,220,IYW,0.4324,0.0084,0.88,8.84,0.0749,0.17,1.0398,0.001723,0.010401,0.003461,0.014613,
Decision Tree Testing Consistency Open Close 4 (BM Target),1600,1950-01-01,0.625,,150,5,all - og,EnergyOC,10,,,3000,220,XLE,0.5418,0.0257,1.2,11.97,0.0528,-0.0,0.6331,-0.000653,0.015402,6.5e-05,0.018217,
Decision Tree Testing Consistency Open Close 3.ipynb,1600,1950-01-01,0.6,,150,5,all - og,,1,,OC,3000,220,QQQ,0.4386,0.0,2.15,2.15,0.0457,0.31,3.6987,0.001638,0.014856,0.001757,0.018559,
